{
	"IcoMoonType": "selection",
	"icons": [
		{
			"icon": {
				"paths": [
					"M682 768v-598h-384v598h384zM490 938q26 0 45-19t19-45-19-45-45-19-45 19-19 45 19 45 45 19zM662 42q44 0 75 32t31 76v724q0 44-31 76t-75 32h-342q-44 0-75-32t-31-76v-724q0-44 31-76t75-32h342z"
				],
				"attrs": [],
				"isMulticolor": false,
				"tags": [
					"phone_iphone"
				],
				"grid": 24
			},
			"attrs": [],
			"properties": {
				"order": 1,
				"id": 0,
				"prevSize": 24,
				"code": 59397,
				"name": "phone_iphone"
			},
			"setIdx": 1,
			"setId": 3,
			"iconIdx": 0
		},
		{
			"icon": {
				"paths": [
					"M967.184 351.226c0 0-218.523-304.574-222.539-308.932-2.093-2.393-5.758-4.749-8.084-7.19s-12.724-2.368-15.523-2.924c-2.79-0.553-414.705 0-414.705 0-5.899 0-9.714-0.967-15.586 2.528s-4.233 2.309-8.016 7.59l-222.748 311.043c-7.316 13.016-7.863 18.068-7.996 32.242-0.131 14.822 1.293 15.846 12.628 29.893 13.214 16.368 413.018 533.438 418.949 538.854s15.531 11.911 28.432 11.579c12.889-0.332 26.403-9.073 28.876-12.21s426.527-536.741 426.527-536.741c9.267-11.801 10.746-13.485 13.905-35.382-4.589-17.054-4.028-14.879-14.117-30.338zM680.578 89.483l-60.689 266.356h-215.777l-60.689-266.356zM289.478 126.571l53.947 225.895h-215.777zM131.006 413.157h225.895l94.4 407.961zM512 814.383l-94.4-401.219h188.812zM569.314 821.124l94.4-407.961h225.895zM680.578 352.475l53.947-225.895 165.209 225.895z"
				],
				"attrs": [
					{
						"visibility": false
					}
				],
				"isMulticolor": false,
				"tags": [
					"dimond"
				],
				"grid": 24
			},
			"attrs": [
				{
					"visibility": false
				}
			],
			"properties": {
				"order": 3,
				"id": 0,
				"prevSize": 24,
				"code": 58924,
				"name": "dimond"
			},
			"setIdx": 2,
			"setId": 2,
			"iconIdx": 0
		},
		{
			"icon": {
				"paths": [
					"M419.086 140.34q19.237 0 32.848 13.61t13.61 32.848q0 19.6-13.793 33.028l-245.717 245.717h724.083q19.237 0 32.848 13.61t13.61 32.848-13.61 32.848-32.848 13.61h-724.083l245.717 245.717q13.793 13.429 13.793 33.028 0 19.237-13.61 32.848t-32.848 13.61q-19.6 0-33.028-13.429l-325.203-325.203q-13.429-14.155-13.429-33.028t13.429-33.028l325.203-325.203q13.793-13.429 33.028-13.429z"
				],
				"attrs": [],
				"isMulticolor": false,
				"tags": [
					"arrow-left"
				],
				"defaultCode": 57492,
				"grid": 24
			},
			"attrs": [],
			"properties": {
				"id": 94,
				"order": 1,
				"prevSize": 24,
				"code": 57492,
				"name": "arrow_left"
			},
			"setIdx": 2,
			"setId": 2,
			"iconIdx": 1
		},
		{
			"icon": {
				"paths": [
					"M604.914 140.34q19.6 0 33.028 13.429l325.203 325.203q13.429 13.429 13.429 33.028t-13.429 33.028l-325.203 325.203q-13.429 13.429-33.028 13.429-19.962 0-33.21-13.248t-13.248-33.21q0-19.6 13.429-33.028l246.079-245.717h-724.083q-19.237 0-32.848-13.61t-13.61-32.848 13.61-32.848 32.848-13.61h724.083l-246.079-245.717q-13.429-13.429-13.429-33.028 0-19.962 13.248-33.21t33.21-13.248z"
				],
				"attrs": [],
				"isMulticolor": false,
				"tags": [
					"arrow_right"
				],
				"defaultCode": 57493,
				"grid": 24
			},
			"attrs": [],
			"properties": {
				"id": 95,
				"order": 2,
				"prevSize": 24,
				"code": 57493,
				"name": "arrow_right"
			},
			"setIdx": 2,
			"setId": 2,
			"iconIdx": 2
		},
		{
			"icon": {
				"paths": [
					"M657.232 512c80.534-80.534 160.841-160.841 241.376-241.376 98.178-98.178-53.839-250.425-152.246-152.246-80.534 80.534-160.841 160.841-241.376 241.376-75.783-75.783-151.794-151.794-227.576-227.576-98.178-98.178-250.425 54.067-152.246 152.246 75.783 75.783 151.794 151.794 227.576 227.576-75.783 75.783-151.794 151.794-227.576 227.576-98.178 98.178 53.839 250.425 152.246 152.246 75.783-75.783 151.794-151.794 227.576-227.576 80.534 80.534 160.841 160.841 241.376 241.376 98.178 98.178 250.425-54.067 152.246-152.246-80.307-80.534-160.841-160.841-241.376-241.376z"
				],
				"attrs": [
					{
						"opacity": 1,
						"visibility": false
					}
				],
				"isMulticolor": false,
				"tags": [
					"icon_X"
				],
				"grid": 24
			},
			"attrs": [
				{
					"opacity": 1,
					"visibility": false
				}
			],
			"properties": {
				"order": 50,
				"id": 63,
				"prevSize": 24,
				"code": 58921,
				"name": "x",
				"ligatures": ""
			},
			"setIdx": 2,
			"setId": 2,
			"iconIdx": 3
		},
		{
			"icon": {
				"paths": [
					"M157.515 228.547c236.174 0 472.571 0 708.742 0 91.392 0 91.392-141.84 0-141.84-236.174 0-472.571 0-708.742 0-91.392 0-91.392 141.84 0 141.84v0z",
					"M157.515 582.806c236.174 0 472.571 0 708.742 0 91.392 0 91.392-141.84 0-141.84-236.174 0-472.571 0-708.742 0-91.392 0.226-91.392 141.84 0 141.84v0z",
					"M157.515 937.291c236.174 0 472.571 0 708.742 0 91.392 0 91.392-141.84 0-141.84-236.174 0-472.571 0-708.742 0-91.392 0-91.392 141.84 0 141.84v0z"
				],
				"attrs": [
					{
						"opacity": 1,
						"visibility": false
					},
					{
						"opacity": 1,
						"visibility": false
					},
					{
						"opacity": 1,
						"visibility": false
					}
				],
				"isMulticolor": false,
				"tags": [
					"icon__menu"
				],
				"grid": 24
			},
			"attrs": [
				{
					"opacity": 1,
					"visibility": false
				},
				{
					"opacity": 1,
					"visibility": false
				},
				{
					"opacity": 1,
					"visibility": false
				}
			],
			"properties": {
				"order": 49,
				"id": 62,
				"prevSize": 24,
				"code": 58922,
				"name": "menu",
				"ligatures": ""
			},
			"setIdx": 2,
			"setId": 2,
			"iconIdx": 4
		},
		{
			"icon": {
				"paths": [
					"M671.711 369.935l-159.711-283.226-159.711 283.226z",
					"M352.289 654.065l159.711 283.226 159.711-283.226z"
				],
				"attrs": [
					{
						"opacity": 1,
						"visibility": false
					},
					{
						"opacity": 1,
						"visibility": false
					}
				],
				"isMulticolor": false,
				"tags": [
					"icon__dropdown"
				],
				"grid": 24
			},
			"attrs": [
				{
					"opacity": 1,
					"visibility": false
				},
				{
					"opacity": 1,
					"visibility": false
				}
			],
			"properties": {
				"order": 48,
				"id": 61,
				"prevSize": 24,
				"code": 58923,
				"name": "dropdown",
				"ligatures": ""
			},
			"setIdx": 2,
			"setId": 2,
			"iconIdx": 5
		},
		{
			"icon": {
				"paths": [
					"M843.726 171.687h-663.451c-53.447 0-96.907 43.459-96.907 96.907v486.811c0 53.447 43.459 96.907 96.907 96.907h661.349c53.447 0 96.907-43.459 96.907-96.907l1.927-486.811c0.175-53.447-43.284-96.907-96.731-96.907zM888.061 268.594l-1.927 486.811c0 24.884-19.451 44.335-44.335 44.335h-661.524c-24.884 0-44.335-19.451-44.335-44.335v-486.811c0-24.884 19.451-44.335 44.335-44.335h663.451c24.884 0 44.335 19.451 44.335 44.335z",
					"M420.175 381.623h-202.926c-16.473 0-29.791 13.318-29.791 29.791v202.926c0 16.473 13.318 29.791 29.791 29.791h202.926c16.473 0 29.791-13.318 29.791-29.791v-202.926c0-16.297-13.318-29.791-29.791-29.791zM397.394 434.194v157.364h-157.364v-157.364h157.364z",
					"M531.627 433.143h292.473c12.617 0 23.131-11.566 23.131-25.059 0-12.267-8.587-25.409-21.379-25.409-1.051 0-2.103 0.175-3.154 0.351h-291.071c-12.617 0-23.131 11.566-23.131 25.059s10.514 25.059 23.131 25.059z",
					"M531.627 537.059h137.387c12.617 0 23.131-11.566 23.131-25.059 0-14.72-9.463-25.059-23.131-25.059h-137.387c-12.617 0-23.131 11.566-23.131 25.059s10.514 25.059 23.131 25.059z",
					"M826.027 590.857h-292.473c-12.617 0-23.131 11.566-23.131 25.059s10.689 25.059 23.131 25.059h292.473c12.617 0 23.131-11.566 23.131-25.059s-10.514-25.059-23.131-25.059z"
				],
				"attrs": [
					{
						"opacity": 1,
						"visibility": false
					},
					{
						"opacity": 1,
						"visibility": false
					},
					{
						"opacity": 1,
						"visibility": false
					},
					{
						"opacity": 1,
						"visibility": false
					},
					{
						"opacity": 1,
						"visibility": false
					},
					{
						"opacity": 1,
						"visibility": false
					}
				],
				"isMulticolor": false,
				"tags": [
					"icon__endscreen"
				],
				"grid": 24
			},
			"attrs": [
				{
					"opacity": 1,
					"visibility": false
				},
				{
					"opacity": 1,
					"visibility": false
				},
				{
					"opacity": 1,
					"visibility": false
				},
				{
					"opacity": 1,
					"visibility": false
				},
				{
					"opacity": 1,
					"visibility": false
				},
				{
					"opacity": 1,
					"visibility": false
				}
			],
			"properties": {
				"order": 10,
				"id": 60,
				"prevSize": 24,
				"code": 58917,
				"name": "endscreen",
				"ligatures": ""
			},
			"setIdx": 2,
			"setId": 2,
			"iconIdx": 6
		},
		{
			"icon": {
				"paths": [
					"M930.469 512c0 115.482-40.831 214.141-122.667 295.977-81.661 81.661-180.32 122.667-295.977 122.667-115.482 0-214.141-40.831-295.977-122.667-81.661-81.661-122.667-180.32-122.667-295.977 0-115.482 40.831-214.141 122.667-295.977 81.661-81.661 180.32-122.667 295.977-122.667 115.482 0 214.141 40.831 295.977 122.667s122.667 180.495 122.667 295.977zM878.247 512c0-101.287-35.749-187.68-107.071-259.177-71.497-71.322-157.889-107.071-259.177-107.071s-187.68 35.749-259.177 107.071c-71.322 71.322-107.071 157.714-107.071 259.177s35.749 188.031 107.071 259.878c71.322 71.847 157.714 107.947 259.177 107.947 101.287 0 187.68-35.924 259.177-107.947 71.322-71.847 107.071-158.591 107.071-259.878zM583.147 702.484c4.907 4.907 7.36 11.215 7.36 18.751 0 7.711-2.453 13.844-7.36 18.751s-11.215 7.36-18.751 7.36h-104.617c-7.711 0-13.844-2.453-18.751-7.36s-7.36-11.215-7.36-18.751c0-7.535 2.453-13.844 7.36-18.751s11.215-7.36 18.751-7.36h26.111v-209.234h-26.111c-7.711 0-13.844-2.453-18.751-7.36s-7.36-11.215-7.36-18.751c0-7.535 2.453-13.844 7.36-18.751s11.215-7.36 18.751-7.36h52.221c7.535 0 13.844 2.453 18.751 7.36s7.36 11.215 7.36 18.751v235.345h26.111c7.711 0 14.019 2.453 18.926 7.36zM447.337 328.876c0-14.194 5.082-26.461 15.596-36.8 10.339-10.339 22.606-15.596 36.8-15.596s26.461 5.257 36.8 15.596c10.339 10.339 15.596 22.606 15.596 36.8s-5.257 26.461-15.596 36.8c-10.339 10.339-22.606 15.596-36.8 15.596s-26.461-5.082-36.8-15.596c-10.339-10.339-15.596-22.606-15.596-36.8z"
				],
				"attrs": [
					{
						"opacity": 1,
						"visibility": false
					}
				],
				"isMulticolor": false,
				"tags": [
					"icon_info_light"
				],
				"grid": 24
			},
			"attrs": [
				{
					"opacity": 1,
					"visibility": false
				}
			],
			"properties": {
				"order": 7,
				"id": 59,
				"prevSize": 24,
				"code": 58918,
				"name": "info_light",
				"ligatures": ""
			},
			"setIdx": 2,
			"setId": 2,
			"iconIdx": 7
		},
		{
			"icon": {
				"paths": [
					"M809.379 214.621c-82.187-82.187-181.196-123.193-297.379-123.193s-215.193 41.006-297.379 123.193c-82.187 82.187-123.193 181.371-123.193 297.379s41.006 215.193 123.193 297.379c82.187 82.187 181.371 123.193 297.379 123.193s215.193-41.006 297.379-123.193 123.193-181.371 123.193-297.379-41.006-215.193-123.193-297.379zM462.233 291.025c10.339-10.339 22.781-15.596 36.975-15.596s26.636 5.257 36.975 15.596 15.596 22.781 15.596 36.975-5.257 26.636-15.596 36.975-22.781 15.596-36.975 15.596c-14.194 0-26.636-5.257-36.975-15.596s-15.596-22.781-15.596-36.975 5.082-26.636 15.596-36.975zM584.549 741.211c-4.907 4.907-11.215 7.36-18.926 7.36h-105.143c-7.711 0-14.019-2.453-18.926-7.36s-7.36-11.215-7.36-18.926 2.453-14.019 7.36-18.926 11.215-7.36 18.926-7.36h26.286v-175.238h-26.286c-7.711 0-14.019-2.453-18.926-7.36s-7.36-11.215-7.36-18.926 2.453-14.019 7.36-18.926 11.215-7.36 18.926-7.36h52.571c7.711 0 14.019 2.453 18.926 7.36s7.36 11.215 7.36 18.926v201.524h26.286c7.711 0 14.019 2.453 18.926 7.36s7.36 11.215 7.36 18.926-2.278 14.019-7.36 18.926z"
				],
				"attrs": [
					{
						"opacity": 1,
						"visibility": false
					}
				],
				"isMulticolor": false,
				"tags": [
					"icon_info"
				],
				"grid": 24
			},
			"attrs": [
				{
					"opacity": 1,
					"visibility": false
				}
			],
			"properties": {
				"order": 6,
				"id": 58,
				"prevSize": 24,
				"code": 58919,
				"name": "info",
				"ligatures": ""
			},
			"setIdx": 2,
			"setId": 2,
			"iconIdx": 8
		},
		{
			"icon": {
				"paths": [
					"M432.967 505.341c0 43.634 35.398 78.857 79.033 78.857s79.033-35.398 79.033-78.857-35.398-78.857-79.033-78.857-79.033 35.398-79.033 78.857zM90.553 512c0 0.526 0 1.051 0 1.577 0 0.351 0 0.701 0 1.051v0.526c0 0.175 0 0.526 0.175 0.701 0 0 0 0.526 0.175 0.876v0c1.051 6.659 4.031 12.967 8.762 17.699 8.937 10.689 18.575 20.678 28.213 30.667 52.571 53.273 112.853 100.762 178.743 135.284 42.233 22.080 87.269 39.779 133.882 48.366 51.345 9.463 102.865 8.937 153.859-2.103 88.495-19.276 168.579-66.941 238.674-124.069 32.594-26.461 64.487-55.375 91.474-87.969 11.741-14.194 11.741-31.193 0-45.387-8.762-10.689-18.575-20.853-28.213-30.667-52.571-53.273-112.853-100.762-178.743-135.284-42.233-22.080-87.269-39.779-133.882-48.366-51.345-9.463-102.865-8.937-153.859 2.103-88.495 19.276-168.579 66.941-238.499 124.069-32.594 26.461-64.487 55.551-91.474 87.969-4.731 4.731-7.711 11.040-8.762 17.699v0c0 0.351-0.175 0.701-0.175 0.701 0 0.526-0.175 0.876-0.175 1.051s0 0.351 0 0.351c0 0.526 0 0.876-0.175 1.227 0 0.876 0 1.402 0 1.927zM353.935 505.341c0-87.269 70.796-157.889 158.065-157.889s158.065 70.621 158.065 157.889-70.796 157.889-158.065 157.889c-87.269 0-158.065-70.621-158.065-157.889z"
				],
				"attrs": [
					{
						"opacity": 1,
						"visibility": false
					}
				],
				"isMulticolor": false,
				"tags": [
					"icon_views"
				],
				"grid": 24
			},
			"attrs": [
				{
					"opacity": 1,
					"visibility": false
				}
			],
			"properties": {
				"order": 3,
				"id": 57,
				"prevSize": 24,
				"code": 58920,
				"name": "views",
				"ligatures": ""
			},
			"setIdx": 2,
			"setId": 2,
			"iconIdx": 9
		},
		{
			"icon": {
				"paths": [
					"M948.229 497.551l-436.229-436.229-436.229 436.229-26.439-26.439 129.547-129.547v-222.080h148.052v74.027l185.067-185.067 462.668 462.668-26.439 26.439zM586.027 933.78v-259.095h-148.052v259.095h-259.095v-444.161l333.119-333.119 333.119 333.119v444.161h-259.095z"
				],
				"attrs": [
					{
						"opacity": 1,
						"visibility": false
					}
				],
				"isMulticolor": false,
				"tags": [
					"all_icons_close_popup"
				],
				"grid": 24
			},
			"attrs": [
				{
					"opacity": 1,
					"visibility": false
				}
			],
			"properties": {
				"order": 2,
				"id": 56,
				"prevSize": 24,
				"code": 58916,
				"name": "home",
				"ligatures": ""
			},
			"setIdx": 2,
			"setId": 2,
			"iconIdx": 10
		},
		{
			"icon": {
				"paths": [
					"M62.169 151.328v721.343h954.034v-721.343h-954.034zM122.626 758.61v-502.571l213.993 251.39-213.993 251.182zM539.187 698.152c25.554 0 48.823-11.635 65.236-32.618l93.077-109.282 213.993 248.897h-744.613l213.993-248.897 93.077 109.282c16.413 20.984 39.683 32.618 65.236 32.618zM562.456 621.282c-11.635 13.92-32.618 13.92-44.253 0l-344.258-402.431h730.693l-342.181 402.431zM741.545 507.429l213.993-251.39v502.571l-213.993-251.182z"
				],
				"width": 1072.3333333333358,
				"attrs": [],
				"isMulticolor": false,
				"tags": [
					"social_email"
				],
				"grid": 24
			},
			"attrs": [],
			"properties": {
				"order": 17,
				"id": 55,
				"prevSize": 24,
				"code": 58880,
				"name": "social_email",
				"ligatures": ""
			},
			"setIdx": 2,
			"setId": 2,
			"iconIdx": 11
		},
		{
			"icon": {
				"paths": [
					"M926.983 146.979c-23.482 0-41.181 17.699-41.181 41.181v72.549c-13.143-18.751-27.687-36.449-43.459-52.747l0.351-0.351c-8.587-8.587-17.524-16.647-26.461-24.358-74.301-64.137-171.383-102.514-278.103-103.040-0.526 0-0.876 0-1.402 0-0.175 0-0.351 0-0.526 0-0.526 0-1.051 0-1.402 0-25.234 0-50.293 2.278-75.177 6.659 0 0-0.175 0-0.175 0-3.154 0.526-6.484 1.227-9.638 1.753-0.526 0.175-1.051 0.175-1.577 0.351-2.629 0.526-5.257 1.051-7.886 1.753-1.051 0.175-2.103 0.526-3.329 0.701-1.927 0.526-4.031 0.876-5.958 1.402-1.753 0.351-3.505 0.876-5.257 1.402-1.227 0.351-2.453 0.701-3.68 1.051-2.453 0.701-4.907 1.402-7.36 2.103-0.351 0.175-0.701 0.175-1.227 0.351-178.042 52.221-307.367 215.193-309.12 410.057 0 1.227 0 2.453 0 3.855 0 0.175 0 0.175 0 0.351 0 0.526 0 1.051 0 1.402 0 25.234 2.278 50.293 6.659 75.177 0 0 0 0.175 0 0.175 0.526 3.154 1.227 6.484 1.753 9.638 0.175 0.526 0.175 1.051 0.351 1.577 0.526 2.629 1.051 5.257 1.753 7.886 0.175 1.051 0.526 2.103 0.701 3.329 0.526 1.927 0.876 4.031 1.402 5.958 0.351 1.753 0.876 3.505 1.402 5.257 0.351 1.227 0.701 2.453 1.051 3.68 0.701 2.453 1.402 4.907 2.103 7.36 0.175 0.351 0.175 0.701 0.351 1.227 52.221 178.042 215.193 307.367 410.057 309.12 1.227 0 2.453 0 3.855 0 0.175 0 0.175 0 0.351 0v0c110.049 0.175 220.099-41.531 304.213-125.646 15.771-15.771 15.771-41.181 0-56.953s-41.181-15.771-56.953 0c-68.518 68.518-158.065 102.339-247.611 101.989-1.051 0-2.103 0-3.154 0-88.846-1.051-177.691-35.924-245.684-103.916-19.276-19.276-35.749-40.129-49.593-62.209-0.175-0.175-0.175-0.351-0.351-0.526-1.051-1.577-2.103-3.329-2.979-5.082-0.701-1.227-1.577-2.629-2.278-3.855-0.351-0.526-0.526-1.051-0.876-1.577-29.089-50.994-45.737-110.049-45.913-172.96 0-0.526 0-0.876 0-1.402 0-1.051 0-2.103 0-3.154 1.051-88.846 35.924-177.691 103.916-245.684 19.276-19.276 40.129-35.749 62.209-49.593 0.175-0.175 0.351-0.175 0.526-0.351 1.577-1.051 3.329-2.103 5.082-2.979 1.227-0.701 2.629-1.577 3.855-2.278 0.526-0.351 1.051-0.526 1.577-0.876 50.994-29.089 110.049-45.737 172.96-45.913 0.351 0 0.876 0 1.227 0 2.979 0 6.133 0 9.113 0.175 74.827 2.278 149.303 28.389 210.987 77.981 0.876 0.701 1.927 1.577 2.804 2.278 0.701 0.526 1.227 1.051 1.927 1.577 23.307 19.627 43.985 42.057 61.333 67.116h-70.621c-21.554 0-41.181 17.699-41.181 41.181s17.699 41.181 41.181 41.181h174.713c21.554 0 41.181-17.699 41.181-41.181v-162.971c0.351-21.554-17.349-41.181-40.831-41.181z"
				],
				"width": 1051.0000000000025,
				"attrs": [],
				"isMulticolor": false,
				"tags": [
					"icon__replay"
				],
				"grid": 24
			},
			"attrs": [],
			"properties": {
				"order": 16,
				"id": 54,
				"prevSize": 24,
				"code": 58882,
				"name": "replay",
				"ligatures": ""
			},
			"setIdx": 2,
			"setId": 2,
			"iconIdx": 12
		},
		{
			"icon": {
				"paths": [
					"M713.148 365.884l-225.816-225.816-32.259-34.157-75.905 75.905c-130.936-18.977-225.816 30.362-258.076 89.188-39.849 72.11 1.898 149.912 1.898 153.706 34.157 70.213 85.392 110.062 148.014 123.344 13.283 1.898 26.567 1.898 41.747 1.898 66.416 0 132.834-28.464 182.171-56.929 13.283 9.487 30.362 15.181 47.441 15.181 47.441 0 83.494-37.952 83.494-85.392s-37.952-85.392-83.494-85.392c-45.543 0-83.494 37.952-83.494 85.392 0 3.795 0 9.487 1.898 13.283-51.235 28.464-117.651 55.031-176.478 43.645-43.645-9.487-75.905-37.952-102.472-89.188 0 0-26.567-49.338-3.795-89.188 18.977-34.157 68.314-55.031 144.219-64.519l-11.385 11.385-110.062 111.959c1.898 1.898 1.898 3.795 1.898 3.795 11.385 20.874 22.772 37.952 36.055 51.235l195.455-197.352c9.487-9.487 20.874-15.181 34.157-15.181s24.67 5.692 34.157 15.181l239.101 239.101c18.977 18.977 18.977 51.235 0 70.213l-309.312 311.209c-18.977 18.977-51.235 18.977-70.213 0l-237.202-239.101c-9.487-9.487-15.181-20.874-15.181-34.157s5.692-24.67 15.181-34.157l24.67-26.567c-15.181-15.181-28.464-34.157-39.849-53.134l-32.259 34.157c-20.874 20.874-34.157 51.235-34.157 81.598s11.385 60.724 34.157 81.598l239.101 239.101c20.874 20.874 51.235 34.157 81.598 34.157s58.827-11.385 81.598-34.157l309.312-311.209 64.519-64.519-18.977-18.977c34.157-18.977 49.338 136.629 49.338 136.629s47.441 371.934 89.188 0c43.645-356.752-237.202-271.36-259.973-263.768v0z"
				],
				"attrs": [],
				"isMulticolor": false,
				"tags": [
					"icon__bucket"
				],
				"grid": 24
			},
			"attrs": [],
			"properties": {
				"order": 13,
				"id": 53,
				"prevSize": 24,
				"code": 58887,
				"name": "bucket",
				"ligatures": ""
			},
			"setIdx": 2,
			"setId": 2,
			"iconIdx": 13
		},
		{
			"icon": {
				"paths": [
					"M286.72 366.592c4.096 4.096 8.192 10.24 8.192 18.432v512c0 8.192-2.048 14.336-8.192 18.432s-10.24 6.144-18.432 6.144h-178.176c-8.192 0-14.336-2.048-18.432-8.192s-8.192-10.24-8.192-18.432v-512c0-8.192 2.048-14.336 8.192-18.432s10.24-8.192 18.432-8.192h180.224c6.144 2.048 12.288 4.096 16.384 10.24zM256 391.168h-153.6v497.664h153.6v-497.664zM620.544 518.144c4.096 4.096 8.192 10.24 8.192 18.432v360.448c0 8.192-2.048 14.336-8.192 18.432s-12.288 6.144-18.432 6.144h-180.224c-8.192 0-14.336-2.048-18.432-8.192s-8.192-10.24-8.192-18.432v-358.4c0-8.192 2.048-14.336 8.192-18.432s10.24-8.192 18.432-8.192h180.224c6.144-0 12.288 2.048 18.432 8.192zM589.824 548.864h-153.6v333.824h153.6v-333.824zM952.32 110.592c4.096 4.096 8.192 10.24 8.192 18.432v768c0 8.192-2.048 14.336-8.192 18.432s-10.24 6.144-18.432 6.144h-180.224c-6.144 0-12.288-2.048-18.432-8.192-6.144-4.096-8.192-10.24-8.192-18.432v-768c0-8.192 2.048-14.336 8.192-18.432 8.192-4.096 14.336-6.144 20.48-6.144h180.224c6.144 0 12.288 2.048 16.384 8.192zM921.6 139.264h-153.6v745.472h153.6v-745.472z"
				],
				"attrs": [],
				"isMulticolor": false,
				"tags": [
					"icon__analytics"
				],
				"grid": 24
			},
			"attrs": [],
			"properties": {
				"order": 25,
				"id": 40,
				"prevSize": 24,
				"code": 58892,
				"name": "analytics",
				"ligatures": ""
			},
			"setIdx": 2,
			"setId": 2,
			"iconIdx": 14
		},
		{
			"icon": {
				"paths": [
					"M402.091 857.429c-11.776 0-23.552-3.925-33.365-9.813v0l-296.363-298.325c-9.813-9.813-17.664-25.515-17.664-41.216s5.888-29.44 17.664-41.216l68.693-68.693c21.589-21.589 58.88-21.589 80.469 0l180.565 182.528 398.421-398.421c21.589-21.589 58.88-21.589 80.469 0l68.693 68.693c11.776 11.776 17.664 25.515 17.664 41.216s-5.888 29.44-17.664 41.216l-506.368 508.331c-11.776 9.813-25.515 15.701-41.216 15.701zM368.725 778.923l27.477 27.477c3.925 3.925 7.851 3.925 11.776 0l508.331-508.331c1.963-1.963 1.963-3.925 1.963-5.888s0-3.925-1.963-5.888l-68.693-68.693c-3.925-3.925-7.851-3.925-11.776 0l-433.749 433.749-215.893-215.893c-3.925-3.925-7.851-3.925-11.776 0l-68.693 68.693c-1.963 1.963-1.963 3.925-1.963 5.888s0 3.925 1.963 5.888l262.997 262.997z"
				],
				"attrs": [],
				"isMulticolor": false,
				"tags": [
					"icon__check mark"
				],
				"grid": 24
			},
			"attrs": [],
			"properties": {
				"order": 40,
				"id": 39,
				"prevSize": 24,
				"code": 58893,
				"name": "checkmark",
				"ligatures": ""
			},
			"setIdx": 2,
			"setId": 2,
			"iconIdx": 15
		},
		{
			"icon": {
				"paths": [
					"M163.84 714.752c-34.816 34.816-57.344 153.6-61.44 176.128-2.048 8.192 2.048 16.384 6.144 22.528 6.144 6.144 12.288 8.192 18.432 8.192 2.048 0 4.096 0 4.096 0 22.528-4.096 143.36-26.624 176.128-61.44 18.432-18.432 30.72-45.056 30.72-71.68s-10.24-53.248-30.72-71.68c-36.864-40.96-104.448-40.96-143.36-2.048zM272.384 823.296c-12.288 12.288-61.44 28.672-112.64 38.912 12.288-51.2 26.624-100.352 38.912-112.64 10.24-10.24 22.528-14.336 36.864-14.336s26.624 6.144 36.864 14.336c10.24 10.24 14.336 22.528 14.336 36.864s-4.096 26.624-14.336 36.864zM907.264 116.736c-10.24-8.192-22.528-14.336-36.864-14.336v0c-14.336 0-26.624 6.144-34.816 14.336l-544.768 507.904c0 0 0 0 0 0s0 0 0 0c-2.048 2.048-2.048 2.048-2.048 4.096s-2.048 2.048-2.048 4.096c0 2.048 0 4.096-2.048 4.096 0 2.048 0 2.048 0 4.096s0 4.096 0 4.096 0 4.096 0 4.096 2.048 2.048 2.048 4.096c0 2.048 2.048 2.048 2.048 4.096 0 0 0 0 0 0s0 0 0 0c2.048 2.048 2.048 2.048 4.096 2.048s2.048 2.048 4.096 2.048c2.048 0 2.048 0 4.096 0s4.096 0 4.096 0 2.048 0 4.096 0 4.096 0 6.144-2.048c2.048 0 2.048-2.048 4.096-2.048s2.048-2.048 4.096-2.048v0c10.24-10.24 26.624-10.24 36.864 0s10.24 26.624 0 36.864v0c-2.048 2.048-2.048 2.048-2.048 4.096s-2.048 2.048-2.048 4.096c0 2.048 0 4.096 0 4.096 0 2.048 0 4.096 0 4.096 0 2.048 0 4.096 0 4.096 0 2.048 0 4.096 2.048 4.096 0 2.048 2.048 2.048 2.048 4.096s2.048 2.048 2.048 4.096c0 0 0 0 0 0s0 0 0 0c2.048 2.048 4.096 2.048 6.144 4.096 0 0 2.048 2.048 2.048 2.048 2.048 2.048 6.144 2.048 10.24 2.048s6.144 0 10.24-2.048c0 0 2.048-2.048 2.048-2.048 2.048-2.048 4.096-2.048 6.144-4.096 0 0 0 0 0 0s0 0 0 0l507.904-534.528c20.48-20.48 20.48-53.248 0-73.728zM413.696 643.072c-4.096-6.144-8.192-14.336-14.336-18.432-6.144-6.144-12.288-10.24-18.432-14.336l489.472-456.704-456.704 489.472z"
				],
				"attrs": [],
				"isMulticolor": false,
				"tags": [
					"icon__color_theme"
				],
				"grid": 24
			},
			"attrs": [],
			"properties": {
				"order": 18,
				"id": 36,
				"prevSize": 24,
				"code": 58894,
				"name": "color_theme",
				"ligatures": ""
			},
			"setIdx": 2,
			"setId": 2,
			"iconIdx": 16
		},
		{
			"icon": {
				"paths": [
					"M895.552 106.147c-28.99-26.76-60.209-40.139-93.658-40.139-37.91 0-71.358 15.609-102.578 44.599l-544.11 544.11c-2.23 2.23-4.46 6.69-4.46 11.15-2.23 8.92-28.99 100.348-71.358 240.836-2.23 8.92 0 28.99 4.46 35.68 4.46 2.23 8.92 15.609 15.609 15.609h6.69c118.187-42.369 196.237-78.049 236.376-89.199 2.23 0 4.46-8.92 6.69-11.15 336.724-332.263 521.81-517.35 548.57-546.34 33.45-33.45 49.059-71.358 49.059-104.808s-17.839-69.128-51.289-100.348zM313.534 821.964c-11.15 4.46-37.91 13.379-82.509 26.76-42.369 15.609-73.588 24.529-93.658 31.22l-13.379 4.46 4.46-13.379c6.69-17.839 15.609-46.829 28.99-89.199s22.299-71.358 26.76-86.969l2.23-6.69 6.69 2.23c28.99 6.69 57.979 24.529 82.509 49.059 20.069 20.069 35.68 44.599 42.369 71.358l2.23 6.69-6.69 4.46zM817.504 329.143c-78.049 78.049-231.916 229.685-454.912 452.682l-6.69 6.69-4.46-8.92c-11.15-26.76-26.76-49.059-44.599-69.128-22.299-22.299-49.059-42.369-78.049-53.519l-8.92-4.46 468.291-468.291h4.46c28.99 6.69 57.979 24.529 84.739 49.059 24.529 24.529 40.139 53.519 46.829 86.969v4.46l-6.69 4.46zM868.793 277.854l-13.379 13.379-4.46-8.92c-11.15-28.99-26.76-53.519-49.059-75.818s-46.829-40.139-73.588-51.289l-8.92-4.46 11.15-11.15c22.299-22.299 46.829-33.45 71.358-33.45 22.299 0 44.599 11.15 64.669 31.22 24.529 22.299 35.68 46.829 35.68 69.128 2.23 22.299-11.15 46.829-33.45 71.358z"
				],
				"attrs": [],
				"isMulticolor": false,
				"tags": [
					"icon__edit"
				],
				"grid": 24
			},
			"attrs": [],
			"properties": {
				"order": 12,
				"id": 35,
				"prevSize": 24,
				"code": 58881,
				"name": "edit",
				"ligatures": ""
			},
			"setIdx": 2,
			"setId": 2,
			"iconIdx": 17
		},
		{
			"icon": {
				"paths": [
					"M886.784 876.544h-749.568c-40.96 0-75.776-32.768-75.776-75.776v-577.536c0-40.96 32.768-75.776 75.776-75.776h751.616c40.96 0 75.776 32.768 75.776 75.776v579.584c-2.048 40.96-34.816 73.728-77.824 73.728zM137.216 188.416c-20.48 0-34.816 14.336-34.816 34.816v579.584c0 18.432 14.336 34.816 34.816 34.816h751.616c18.432 0 34.816-14.336 34.816-34.816v-579.584c0-18.432-14.336-34.816-34.816-34.816h-751.616z",
					"M90.112 292.864h843.776v26.624h-843.776v-26.624z",
					"M184.32 239.616c0 7.918-6.418 14.336-14.336 14.336s-14.336-6.418-14.336-14.336c0-7.918 6.418-14.336 14.336-14.336s14.336 6.418 14.336 14.336z",
					"M198.656 239.616c0 15.835-12.837 28.672-28.672 28.672s-28.672-12.837-28.672-28.672c0-15.835 12.837-28.672 28.672-28.672s28.672 12.837 28.672 28.672z",
					"M253.952 237.568c0 7.918-6.418 14.336-14.336 14.336s-14.336-6.418-14.336-14.336c0-7.918 6.418-14.336 14.336-14.336s14.336 6.418 14.336 14.336z",
					"M268.288 237.568c0 15.835-12.837 28.672-28.672 28.672s-28.672-12.837-28.672-28.672c0-15.835 12.837-28.672 28.672-28.672s28.672 12.837 28.672 28.672z",
					"M323.584 237.568c0 7.918-6.418 14.336-14.336 14.336s-14.336-6.418-14.336-14.336c0-7.918 6.418-14.336 14.336-14.336s14.336 6.418 14.336 14.336z",
					"M337.92 237.568c0 15.835-12.837 28.672-28.672 28.672s-28.672-12.837-28.672-28.672c0-15.835 12.837-28.672 28.672-28.672s28.672 12.837 28.672 28.672z",
					"M512 452.608h354.304v26.624h-354.304v-26.624z",
					"M512 534.528h354.304v26.624h-354.304v-26.624z",
					"M512 616.448h354.304v26.624h-354.304v-26.624z",
					"M169.984 698.368h698.368v26.624h-698.368v-26.624z",
					"M462.848 530.432l-77.824-67.584c-6.144-6.144-16.384-6.144-22.528 0s-6.144 14.336 0 18.432l67.584 59.392-67.584 59.392c-6.144 6.144-6.144 14.336 0 18.432 2.048 2.048 6.144 4.096 10.24 4.096s8.192-2.048 10.24-4.096l77.824-67.584c2.048-2.048 4.096-6.144 4.096-10.24 4.096-4.096 2.048-8.192-2.048-10.24z",
					"M178.176 530.432l77.824-67.584c6.144-6.144 16.384-6.144 22.528 0s6.144 14.336 0 18.432l-67.584 59.392 67.584 59.392c6.144 6.144 6.144 14.336 0 18.432-2.048 2.048-6.144 4.096-10.24 4.096s-8.192-2.048-10.24-4.096l-77.824-67.584c-2.048-2.048-4.096-6.144-4.096-10.24-2.048-4.096-2.048-8.192 2.048-10.24z"
				],
				"attrs": [],
				"isMulticolor": false,
				"tags": [
					"embed_inline"
				],
				"grid": 24
			},
			"attrs": [],
			"properties": {
				"order": 26,
				"id": 33,
				"prevSize": 24,
				"code": 58895,
				"name": "embed_inline",
				"ligatures": ""
			},
			"setIdx": 2,
			"setId": 2,
			"iconIdx": 18
		},
		{
			"icon": {
				"paths": [
					"M886.784 876.544h-749.568c-40.96 0-75.776-32.768-75.776-75.776v-577.536c0-40.96 32.768-75.776 75.776-75.776h751.616c40.96 0 75.776 32.768 75.776 75.776v579.584c-2.048 40.96-34.816 73.728-77.824 73.728zM137.216 188.416c-20.48 0-34.816 14.336-34.816 34.816v579.584c0 18.432 14.336 34.816 34.816 34.816h751.616c18.432 0 34.816-14.336 34.816-34.816v-579.584c0-18.432-14.336-34.816-34.816-34.816h-751.616z",
					"M90.112 290.816h839.68v18.432h-839.68v-18.432z",
					"M184.32 239.616c0 7.918-6.418 14.336-14.336 14.336s-14.336-6.418-14.336-14.336c0-7.918 6.418-14.336 14.336-14.336s14.336 6.418 14.336 14.336z",
					"M198.656 239.616c0 15.835-12.837 28.672-28.672 28.672s-28.672-12.837-28.672-28.672c0-15.835 12.837-28.672 28.672-28.672s28.672 12.837 28.672 28.672z",
					"M253.952 237.568c0 7.918-6.418 14.336-14.336 14.336s-14.336-6.418-14.336-14.336c0-7.918 6.418-14.336 14.336-14.336s14.336 6.418 14.336 14.336z",
					"M268.288 237.568c0 15.835-12.837 28.672-28.672 28.672s-28.672-12.837-28.672-28.672c0-15.835 12.837-28.672 28.672-28.672s28.672 12.837 28.672 28.672z",
					"M323.584 237.568c0 7.918-6.418 14.336-14.336 14.336s-14.336-6.418-14.336-14.336c0-7.918 6.418-14.336 14.336-14.336s14.336 6.418 14.336 14.336z",
					"M337.92 237.568c0 15.835-12.837 28.672-28.672 28.672s-28.672-12.837-28.672-28.672c0-15.835 12.837-28.672 28.672-28.672s28.672 12.837 28.672 28.672z",
					"M147.456 362.496v436.224h729.088v-436.224h-729.088zM440.32 661.504c8.192 8.192 8.192 20.48 0 28.672-6.144 4.096-10.24 6.144-18.432 6.144-6.144 0-12.288-2.048-16.384-6.144l-118.784-102.4c-4.096-4.096-6.144-8.192-6.144-14.336s2.048-10.24 6.144-14.336l118.784-102.4c8.192-8.192 24.576-8.192 32.768 0s8.192 20.48 0 28.672l-100.352 88.064 102.4 88.064zM718.848 585.728l-118.784 102.4c-4.096 4.096-10.24 6.144-16.384 6.144s-12.288-2.048-16.384-6.144c-8.192-8.192-8.192-20.48 0-28.672l100.352-88.064-100.352-88.064c-8.192-8.192-8.192-20.48 0-28.672s24.576-8.192 32.768 0l118.784 102.4c4.096 4.096 6.144 8.192 6.144 14.336 2.048 6.144 0 12.288-6.144 14.336z"
				],
				"attrs": [],
				"isMulticolor": false,
				"tags": [
					"icon__embed_lightbox"
				],
				"grid": 24
			},
			"attrs": [],
			"properties": {
				"order": 27,
				"id": 32,
				"prevSize": 24,
				"code": 58896,
				"name": "embed_lightbox",
				"ligatures": ""
			},
			"setIdx": 2,
			"setId": 2,
			"iconIdx": 19
		},
		{
			"icon": {
				"paths": [
					"M956.34 478.734l-270.88-237.615c-21.386-19.010-57.028-19.010-76.036 0-21.386 19.010-21.386 47.523 0 66.532l232.862 204.35-235.238 204.35c-21.386 19.010-21.386 47.523 0 66.532 9.505 9.505 23.762 14.256 38.018 14.256s28.514-4.752 38.018-14.256l270.88-237.615c9.505-9.505 16.632-21.386 16.632-33.266 2.376-11.88-4.752-23.762-14.256-33.266z",
					"M67.66 478.734l270.88-237.615c21.386-19.010 57.028-19.010 76.036 0 21.386 19.010 21.386 47.523 0 66.532l-230.486 204.35 232.862 204.35c21.386 19.010 21.386 47.523 0 66.532-9.505 9.505-23.762 14.256-38.018 14.256s-28.514-4.752-38.018-14.256l-270.88-237.615c-11.88-9.505-19.010-21.386-19.010-33.266s7.129-23.762 16.632-33.266z"
				],
				"attrs": [],
				"isMulticolor": false,
				"tags": [
					"icon__embed"
				],
				"grid": 24
			},
			"attrs": [],
			"properties": {
				"order": 11,
				"id": 31,
				"prevSize": 24,
				"code": 58883,
				"name": "social_embed",
				"ligatures": ""
			},
			"setIdx": 2,
			"setId": 2,
			"iconIdx": 20
		},
		{
			"icon": {
				"paths": [
					"M159.822 86.346l-73.477 73.477 154.553 157.087-88.678 88.678h253.364v-253.364l-88.678 88.678z",
					"M783.101 316.91l154.553-157.087-73.477-73.477-157.087 154.553-88.678-88.678v253.364h253.364z",
					"M240.899 707.090l-154.553 157.087 73.477 73.477 157.087-154.553 88.678 88.678v-253.364h-253.364z",
					"M871.779 618.413h-253.364v253.364l88.678-88.678 157.087 154.553 73.477-73.477-154.553-157.087z"
				],
				"attrs": [],
				"isMulticolor": false,
				"tags": [
					"icon__exit_fullscreen"
				],
				"grid": 24
			},
			"attrs": [],
			"properties": {
				"order": 32,
				"id": 29,
				"prevSize": 24,
				"code": 58897,
				"name": "exit_fullscreen",
				"ligatures": ""
			},
			"setIdx": 2,
			"setId": 2,
			"iconIdx": 21
		},
		{
			"icon": {
				"paths": [
					"M712.607 512h-131.648c0 210.009 0 470.17 0 470.17h-194.338c0 0 0-257.027 0-470.17h-94.033v-166.125h94.033v-106.569c0-75.229 37.613-197.473 197.473-197.473h144.186v159.858c0 0-87.767 0-103.436 0s-40.747 9.406-40.747 43.881v97.168h147.32l-18.807 169.262z"
				],
				"attrs": [],
				"isMulticolor": false,
				"tags": [
					"icon__facebook"
				],
				"grid": 24
			},
			"attrs": [],
			"properties": {
				"order": 8,
				"id": 28,
				"prevSize": 24,
				"code": 58884,
				"name": "social_facebook",
				"ligatures": ""
			},
			"setIdx": 2,
			"setId": 2,
			"iconIdx": 22
		},
		{
			"icon": {
				"paths": [
					"M243.749 272.457h131.109v145.554l-131.109 1.829z",
					"M518.217 272.457h131.109v147.383h-131.109v-147.383z",
					"M864.183 94.171c-14.263 8.229-42.971 20.48-83.931 36.937s-81.92 22.491-126.903 22.491c-36.937 0-71.68-6.217-106.423-20.48-32.914-14.263-69.669-26.697-108.617-40.96s-83.931-20.48-133.12-20.48c-32.731 0-63.451 6.217-94.171 20.48s-51.2 28.709-65.463 42.971l-20.48 20.48v768c0 8.229 2.011 14.263 8.229 20.48s12.251 8.229 20.48 8.229 14.263-2.011 20.48-8.229c6.217-6.217 8.229-12.251 8.229-20.48v-350.171c36.937-22.491 75.703-34.743 118.857-34.743 49.189 0 94.171 6.217 135.131 20.48s81.92 26.697 116.663 40.96c34.743 14.263 73.691 20.48 110.629 20.48 40.96 0 81.92-6.217 120.869-20.48s67.657-26.697 85.943-40.96l26.697-20.48v-467.017c-8.411 6.217-18.651 14.263-33.097 22.491zM780.251 189.806c19.931-6.217 39.68-13.714 59.429-22.857v105.509h-59.429v-82.651zM778.423 545.463v-125.44h-129.28v148.846c-33.28-2.377-75.886-14.263-124.891-34.377-2.011-0.914-4.023-1.646-6.217-2.377v-113.92l-143.36-0.183v73.509c-25.966-4.206-51.017-6.217-75.703-6.217-18.651 0-37.12 1.646-55.223 5.303v-70.583h-63.451v-147.566h63.451v-134.583c19.749-7.314 40.411-10.971 61.44-10.971 22.674 0 45.897 2.194 69.669 6.4v138.971h143.36v-91.429c47.909 17.737 91.429 27.063 131.109 27.977v63.634h129.097v147.383h61.44v92.16c-20.297 13.714-40.777 24.869-61.44 33.463z"
				],
				"width": 1023.9999999999999,
				"attrs": [],
				"isMulticolor": false,
				"tags": [
					"icon__flag"
				],
				"grid": 24
			},
			"attrs": [],
			"properties": {
				"order": 38,
				"id": 27,
				"prevSize": 24,
				"code": 58898,
				"name": "flag",
				"ligatures": ""
			},
			"setIdx": 2,
			"setId": 2,
			"iconIdx": 23
		},
		{
			"icon": {
				"paths": [
					"M356.097 598.096l-148.923 148.923-86.096-88.423v244.326h244.326l-88.423-86.096 148.923-148.923z",
					"M658.596 121.079l88.423 86.096-148.923 148.923 69.807 69.807 148.923-148.923 86.096 88.423v-244.326z",
					"M356.097 425.904l69.807-69.807-148.923-148.923 88.423-86.096h-244.326v244.326l86.096-88.423z",
					"M667.903 598.096l-69.807 69.807 148.923 148.923-88.423 86.096h244.326v-244.326l-86.096 88.423z"
				],
				"attrs": [],
				"isMulticolor": false,
				"tags": [
					"icon__fullscreen"
				],
				"grid": 24
			},
			"attrs": [],
			"properties": {
				"order": 33,
				"id": 26,
				"prevSize": 24,
				"code": 58899,
				"name": "fullscreen",
				"ligatures": ""
			},
			"setIdx": 2,
			"setId": 2,
			"iconIdx": 24
		},
		{
			"icon": {
				"paths": [
					"M355.799 971.592c177.229 0 285.367-99.126 285.367-201.259 0-81.105-18.023-120.155-102.129-186.241-24.031-18.023-78.101-57.073-78.101-81.105 0-30.041 9.014-45.058 54.069-78.101 45.058-36.046 78.101-90.115 78.101-147.189 0-63.081-27.035-126.163-75.097-156.201h69.090l60.076-60.076c0 0-195.25 0-264.34 0-135.175 0-246.318 105.136-246.318 213.273 0 111.143 75.097 204.264 201.259 204.264 9.014 0 18.023 0 27.035 0-9.014 15.021-15.021 33.041-15.021 51.067 0 30.041 18.023 48.063 39.049 69.090-15.021 0-30.041 0-48.063 0-153.197 0-261.338 105.136-261.338 207.266-9.014 102.129 123.16 165.211 276.356 165.211zM232.64 277.701c-12.017-93.119 36.046-165.211 108.139-165.211 72.094 3.004 132.17 78.101 144.186 174.224 12.017 93.119-30.041 153.197-99.126 153.197-75.097-3.004-141.182-69.090-153.197-162.209zM367.814 632.155c24.031 0 48.063 3.004 69.090 12.017 57.073 39.049 105.136 66.087 117.151 111.143 3.004 9.014 3.004 18.023 3.004 30.041 0 81.105-51.067 144.186-201.259 144.186-108.139 0-183.237-66.087-183.237-147.189 0-84.11 90.115-153.197 195.25-150.193z",
					"M782.346 391.845h60.076v-120.155h120.155v-60.076h-120.155v-120.155h-60.076v120.155h-120.155v60.076h120.155z"
				],
				"attrs": [],
				"isMulticolor": false,
				"tags": [
					"icon__google+"
				],
				"grid": 24
			},
			"attrs": [],
			"properties": {
				"order": 5,
				"id": 25,
				"prevSize": 24,
				"code": 58885,
				"name": "social_gplus",
				"ligatures": ""
			},
			"setIdx": 2,
			"setId": 2,
			"iconIdx": 25
		},
		{
			"icon": {
				"paths": [
					"M875.599 151.536l-3.135-3.135c-78.362-78.362-203.739-78.362-282.1 0l-181.799 181.799c-78.362 78.362-78.362 203.739 0 282.1l3.135 3.135c6.268 6.268 12.539 12.539 21.941 18.807l65.824-65.824c-6.268-3.135-15.674-9.406-21.941-15.674l-3.135-3.135c-40.747-40.747-40.747-109.707 0-153.589l181.799-181.799c40.747-40.747 109.707-40.747 153.589 0l3.135 3.135c40.747 40.747 40.747 109.707 0 153.589l-81.497 78.362c15.674 34.478 21.941 72.094 18.807 109.707l125.379-125.379c78.362-78.362 78.362-203.739 0-282.1zM609.168 411.699c-6.268-6.268-12.539-12.539-21.941-18.807l-65.824 65.824c6.268 3.135 15.674 9.406 21.941 15.674l3.135 3.135c40.747 40.747 40.747 109.707 0 153.589l-181.799 181.799c-40.747 40.747-109.707 40.747-153.589 0l-3.135-3.135c-40.747-40.747-40.747-109.707 0-153.589l84.631-81.497c-15.674-34.478-21.941-72.094-18.807-109.707l-125.379 125.379c-78.362 78.362-78.362 203.739 0 282.1l3.135 3.135c78.362 78.362 203.739 78.362 282.1 0l181.799-181.799c78.362-78.362 78.362-203.739 0-282.1h-6.268z"
				],
				"attrs": [],
				"isMulticolor": false,
				"tags": [
					"icon__link"
				],
				"grid": 24
			},
			"attrs": [],
			"properties": {
				"order": 14,
				"id": 24,
				"prevSize": 24,
				"code": 58888,
				"name": "social_link",
				"ligatures": ""
			},
			"setIdx": 2,
			"setId": 2,
			"iconIdx": 26
		},
		{
			"icon": {
				"paths": [
					"M800.836 955.39h-577.674c-43.073 0-78.543-35.471-78.543-78.543v-344.576c0-43.073 35.471-78.543 76.009-78.543v-96.279c0-159.621 129.217-288.836 288.836-288.836s288.836 129.217 288.836 288.836v96.279c43.073 0 76.009 35.471 76.009 78.543v347.11c5.067 40.539-30.404 76.009-73.477 76.009zM223.164 494.265c-20.269 0-38.006 17.735-38.006 38.006v347.11c0 20.269 17.735 38.006 38.006 38.006h577.674c20.269 0 38.006-17.735 38.006-38.006v-347.11c0-20.269-17.735-38.006-38.006-38.006h-38.006v-134.283c0-136.817-111.48-248.299-248.299-248.299s-248.299 111.48-248.299 248.299v134.283h-43.073zM686.822 494.265h-349.643v-134.283c0-96.279 78.543-174.822 174.822-174.822s174.822 78.543 174.822 174.822v134.283zM377.717 453.726h268.567v-96.279c0-73.477-60.808-134.283-134.283-134.283s-134.283 60.808-134.283 134.283v96.279z",
					"M595.61 851.51h-167.221c-5.067 0-12.669-2.534-15.201-7.602s-5.067-10.135-2.534-17.735l35.471-103.88c-17.735-17.735-30.404-43.073-30.404-68.409 0-53.207 43.073-93.745 93.745-93.745s93.745 43.073 93.745 93.745c0 25.337-10.135 48.139-27.869 65.875l35.471 103.88c2.534 5.067 0 12.669-2.534 17.735s-7.602 10.135-12.669 10.135zM456.259 813.505h114.015l-32.937-91.211c-2.534-7.602 0-15.201 7.602-20.269 15.201-10.135 22.803-27.869 22.803-45.605 0-30.404-25.337-55.741-55.741-55.741s-55.741 25.337-55.741 55.741c0 17.735 10.135 35.471 25.337 45.605 7.602 5.067 10.135 12.669 7.602 22.803l-32.937 88.678z"
				],
				"attrs": [],
				"isMulticolor": false,
				"tags": [
					"icon__lock"
				],
				"grid": 24
			},
			"attrs": [],
			"properties": {
				"order": 31,
				"id": 23,
				"prevSize": 24,
				"code": 58900,
				"name": "lock",
				"ligatures": ""
			},
			"setIdx": 2,
			"setId": 2,
			"iconIdx": 27
		},
		{
			"icon": {
				"paths": [
					"M839.68 184.32h-532.48c-45.056 0-88.064 24.576-108.544 65.536l-120.832 202.752c-12.288 20.48-16.384 38.912-16.384 59.392s4.096 38.912 14.336 57.344l124.928 206.848c20.48 38.912 61.44 63.488 108.544 63.488h532.48c67.584 0 122.88-55.296 122.88-122.88v-409.6c-2.048-67.584-57.344-122.88-124.928-122.88zM917.504 737.28c0 24.576-20.48 45.056-45.056 45.056h-585.728c-16.384 0-32.768-10.24-40.96-24.576l-135.168-227.328c-2.048-4.096-4.096-10.24-4.096-18.432s2.048-14.336 4.096-20.48l135.168-223.232c8.192-16.384 24.576-26.624 40.96-26.624h585.728c24.576 0 45.056 20.48 45.056 45.056v450.56z"
				],
				"attrs": [],
				"isMulticolor": false,
				"tags": [
					"icon__marker_shape"
				],
				"grid": 24
			},
			"attrs": [],
			"properties": {
				"order": 41,
				"id": 22,
				"prevSize": 24,
				"code": 58901,
				"name": "marker_shape",
				"ligatures": ""
			},
			"setIdx": 2,
			"setId": 2,
			"iconIdx": 28
		},
		{
			"icon": {
				"paths": [
					"M350.727 221.179c-7.933 0-248.518 230.013-248.518 230.013-29.081 29.081-29.081 79.314 0 108.397 0 0 251.162 240.586 269.667 240.586h494.393c42.302 0 76.672-34.369 76.672-76.672v-425.654c0-42.302-34.369-76.672-76.672-76.672h-515.542z"
				],
				"attrs": [],
				"isMulticolor": false,
				"tags": [
					"icon__marker"
				],
				"grid": 24
			},
			"attrs": [],
			"properties": {
				"order": 21,
				"id": 21,
				"prevSize": 24,
				"code": 58902,
				"name": "marker",
				"ligatures": ""
			},
			"setIdx": 2,
			"setId": 2,
			"iconIdx": 29
		},
		{
			"icon": {
				"paths": [
					"M750.606 315.763c-55.749-102.578-185.087-169.477-327.803-169.477-196.237 0-356.793 127.107-356.793 283.205 0 144.947 138.258 265.365 318.884 280.974 0 4.46 0 11.15-2.23 15.609-6.69 46.829-37.91 86.969-82.509 107.038-11.15 4.46-17.839 17.839-13.379 28.99s15.609 17.839 26.76 15.609c-2.23 0-4.46 0-6.69 0 75.818 4.46 147.177-24.529 198.466-80.279 8.92-8.92 8.92-24.529 0-33.45s-24.529-8.92-33.45 2.23c-22.299 24.529-51.289 42.369-80.279 53.519 20.069-24.529 31.22-53.519 37.91-86.969 2.23-15.609 2.23-31.22 2.23-46.829-2.23-13.379-13.379-22.299-24.529-20.069 0 0 0 0 0 0-2.23 0-4.46-2.23-6.69-2.23-160.557-8.92-285.435-113.728-285.435-236.376 0-131.568 140.488-236.376 309.964-236.376 124.877 0 238.606 57.979 287.665 144.947 6.69 11.15 20.069 15.609 31.22 8.92 8.92-4.46 13.379-17.839 6.69-28.99z",
					"M957.992 590.049c0-104.808-109.268-191.777-245.296-191.777s-245.296 84.739-245.296 191.777c0 91.429 80.279 167.247 189.547 185.087 26.76 64.669 93.658 109.268 167.247 104.808v0c0 0 0 0 0 0s0 0 0 0c6.69 0 11.15-4.46 13.379-8.92 4.46-6.69 0-15.609-6.69-20.069-2.23-2.23-4.46-2.23-6.69-2.23 2.23 0 4.46 0 6.69 2.23-31.22-13.379-51.289-40.139-57.979-73.588 0 0 0-2.23 0-2.23 107.038-22.299 185.087-95.888 185.087-185.087zM817.504 877.713v0c0 0 0 0 0 0s0 0 0 0z"
				],
				"attrs": [],
				"isMulticolor": false,
				"tags": [
					"icon__msg"
				],
				"grid": 24
			},
			"attrs": [],
			"properties": {
				"order": 42,
				"id": 19,
				"prevSize": 24,
				"code": 58903,
				"name": "msg",
				"ligatures": ""
			},
			"setIdx": 2,
			"setId": 2,
			"iconIdx": 30
		},
		{
			"icon": {
				"paths": [
					"M546.904 244.405c0-37.231-23.269-48.865-53.519-27.923l-174.519 127.979c-30.25 20.942-53.519 34.904-53.519 30.25s-30.25-9.308-67.481-9.308h-53.519c-37.231 0-67.481 30.25-67.481 67.481v146.596c0 37.231 30.25 67.481 67.481 67.481h53.519c37.231 0 67.481-2.327 67.481-4.654s23.269 13.961 53.519 37.231l174.519 127.979c30.25 20.942 53.519 9.308 53.519-27.923v-535.19z",
					"M947.133 409.616l-72.134-72.134-93.077 90.75-90.75-90.75-72.134 72.134 90.75 90.75-90.75 93.077 72.134 72.134 90.75-93.077 93.077 93.077 72.134-72.134-93.077-93.077z"
				],
				"attrs": [],
				"isMulticolor": false,
				"tags": [
					"icon__mute"
				],
				"grid": 24
			},
			"attrs": [],
			"properties": {
				"order": 35,
				"id": 18,
				"prevSize": 24,
				"code": 58904,
				"name": "sound_mute",
				"ligatures": ""
			},
			"setIdx": 2,
			"setId": 2,
			"iconIdx": 31
		},
		{
			"icon": {
				"paths": [
					"M278.904 104.082c-50.99 0-94.696 41.278-94.696 94.696v628.873c0 50.99 41.278 94.696 94.696 94.696s94.696-41.278 94.696-94.696v-631.301c-2.428-50.99-43.705-92.267-94.696-92.267zM745.096 104.082c-50.99 0-94.696 41.278-94.696 94.696v628.873c0 50.99 41.278 94.696 94.696 94.696s94.696-41.278 94.696-94.696v-631.301c0-50.99-41.278-92.267-94.696-92.267z"
				],
				"attrs": [],
				"isMulticolor": false,
				"tags": [
					"icon__pause"
				],
				"grid": 24
			},
			"attrs": [],
			"properties": {
				"order": 34,
				"id": 17,
				"prevSize": 24,
				"code": 58905,
				"name": "pause",
				"ligatures": ""
			},
			"setIdx": 2,
			"setId": 2,
			"iconIdx": 32
		},
		{
			"icon": {
				"paths": [
					"M894.025 482.863c29.137 16.996 29.137 43.705 0 58.274l-643.442 373.925c-29.137 16.996-53.418 2.428-53.418-29.137v-745.421c0-31.565 24.281-46.133 53.418-29.137l643.442 371.497z"
				],
				"attrs": [],
				"isMulticolor": false,
				"tags": [
					"icon__play"
				],
				"grid": 24
			},
			"attrs": [],
			"properties": {
				"order": 30,
				"id": 14,
				"prevSize": 24,
				"code": 58906,
				"name": "play",
				"ligatures": ""
			},
			"setIdx": 2,
			"setId": 2,
			"iconIdx": 33
		},
		{
			"icon": {
				"paths": [
					"M786.185 630.673c-51.192 0-95.404 25.595-123.326 65.154l-323.441-158.23c2.327-9.308 2.327-16.288 2.327-25.595 0-13.961-2.327-27.923-6.981-41.884l337.402-125.653c27.923 30.25 67.481 51.192 111.692 51.192 81.442 0 146.596-65.154 146.596-146.596s-65.154-146.596-146.596-146.596c-81.442 0-146.596 65.154-146.596 146.596 0 4.654 0 11.635 0 16.288l-351.364 130.306c-25.595-18.615-55.846-30.25-88.423-30.25-83.769 0-148.923 65.154-148.923 146.596s65.154 146.596 146.596 146.596c39.558 0 76.787-16.288 104.711-41.884l337.402 165.211c2.327 79.114 67.481 144.269 146.596 144.269 81.442 0 146.596-65.154 146.596-146.596 2.327-83.769-62.827-148.923-144.269-148.923z"
				],
				"attrs": [],
				"isMulticolor": false,
				"tags": [
					"icon__player_share"
				],
				"grid": 24
			},
			"attrs": [],
			"properties": {
				"order": 37,
				"id": 13,
				"prevSize": 24,
				"code": 58907,
				"name": "player_share",
				"ligatures": ""
			},
			"setIdx": 2,
			"setId": 2,
			"iconIdx": 34
		},
		{
			"icon": {
				"paths": [
					"M878.922 500.361l-0.382-0.573c-16.982-22.515-171.536-219.429-368.831-219.429-84.146 0-170.963 35.872-257.972 106.852-64.874 52.853-106.279 106.852-110.859 112.768l-8.777 13.547 11.448 11.448c18.508 24.424 172.299 219.047 368.449 219.047 58.578 0 150.929-18.508 258.544-106.852 61.631-50.564 102.845-103.99 108.379-113.339l7.441-11.639-7.441-11.83zM728.185 618.47c-74.034 56.288-146.922 84.909-216.185 84.909-163.141 0-300.14-157.607-327.617-191.189 33.964-40.261 72.316-76.895 111.241-106.661 74.034-56.288 146.922-84.909 216.185-84.909 163.141 0 300.14 157.607 327.617 191.189-33.773 40.261-72.125 76.895-111.241 106.661z",
					"M512 359.354c-84.146 0-152.646 68.5-152.646 152.646s68.5 152.646 152.646 152.646 152.646-68.5 152.646-152.646-68.5-152.646-152.646-152.646zM512 626.484c-63.158 0-114.484-51.328-114.484-114.484s51.328-114.484 114.484-114.484 114.484 51.328 114.484 114.484-51.328 114.484-114.484 114.484z",
					"M512 939.409c-235.075 0-427.409-192.334-427.409-427.409s192.334-427.409 427.409-427.409 427.409 192.334 427.409 427.409-192.334 427.409-427.409 427.409zM512 120.845c-215.803 0-391.155 175.161-391.155 391.155s175.161 391.155 391.155 391.155 391.155-175.161 391.155-391.155-175.352-391.155-391.155-391.155z"
				],
				"attrs": [],
				"isMulticolor": false,
				"tags": [
					"icon__preview"
				],
				"grid": 24
			},
			"attrs": [],
			"properties": {
				"order": 24,
				"id": 12,
				"prevSize": 24,
				"code": 58908,
				"name": "preview",
				"ligatures": ""
			},
			"setIdx": 2,
			"setId": 2,
			"iconIdx": 35
		},
		{
			"icon": {
				"paths": [
					"M751.386 672.278c-42.741 0-81.208 19.233-104.715 51.289l-292.775-164.552c6.411-14.959 8.548-29.919 8.548-47.015s-2.137-32.056-8.548-47.015l292.775-164.552c23.507 29.919 61.974 51.289 104.715 51.289 72.659 0 132.497-59.837 132.497-132.497s-59.837-132.497-132.497-132.497c-72.659-2.137-132.497 57.7-132.497 130.36 0 17.096 2.137 32.056 8.548 47.015l-292.775 164.552c-23.507-29.919-61.974-51.289-104.715-51.289-72.659 0-132.497 59.837-132.497 132.497s59.837 132.497 132.497 132.497c42.741 0 81.208-19.233 104.715-51.289l292.775 164.552c-6.411 19.233-8.548 34.193-8.548 51.289 0 72.659 59.837 132.497 132.497 132.497s132.497-59.837 132.497-132.497c2.137-74.797-57.7-134.634-132.497-134.634zM751.386 125.195c51.289 0 91.893 40.604 91.893 91.893s-40.604 91.893-91.893 91.893c-51.289 0-91.893-40.604-91.893-91.893 0-49.152 40.604-91.893 91.893-91.893zM229.948 603.893c-51.289 0-91.893-40.604-91.893-91.893s40.604-91.893 91.893-91.893 91.893 40.604 91.893 91.893c0 51.289-40.604 91.893-91.893 91.893zM751.386 898.805c-51.289 0-91.893-40.604-91.893-91.893s40.604-91.893 91.893-91.893c51.289 0 91.893 40.604 91.893 91.893 0 49.152-40.604 91.893-91.893 91.893z"
				],
				"attrs": [],
				"isMulticolor": false,
				"tags": [
					"icon__share_dashboard"
				],
				"grid": 24
			},
			"attrs": [],
			"properties": {
				"order": 22,
				"id": 11,
				"prevSize": 24,
				"code": 58909,
				"name": "share_dashboard",
				"ligatures": ""
			},
			"setIdx": 2,
			"setId": 2,
			"iconIdx": 36
		},
		{
			"icon": {
				"paths": [
					"M74.968 935.692l138.178-218.615c-84.818-91.388-120.458-209.657-98.159-325.534 37.83-176.207 202.886-303.234 399.202-303.234 29.069 0 60.129 2.189 89.199 8.96 227.376 44.599 379.093 249.676 338.874 457.142-35.639 176.207-200.696 303.234-397.012 303.234v0c-29.069 0-60.129-2.189-89.199-8.96-13.34-2.189-26.68-6.769-42.409-11.15l-338.674 98.159zM514.189 128.527c-176.207 0-327.724 113.688-358.983 271.975-22.299 107.117 15.53 216.226 98.159 301.045l11.15 11.15-100.348 156.097 247.485-71.279 6.769 2.189c15.53 4.381 31.259 8.96 44.599 11.15 26.68 4.381 53.56 8.96 80.238 8.96v0c176.207 0 327.724-113.688 358.983-271.975 37.83-187.357-100.348-372.323-305.425-412.542-26.879-4.58-55.749-6.769-82.628-6.769z",
					"M605.579 538.68c-22.1 0-41.812 7.964-56.347 21.305l-105.724-59.134c0.995-5.177 1.593-10.353 1.593-15.929 0-4.977-0.399-9.956-1.195-14.733l108.91-60.129c14.535 11.946 33.051 19.113 52.762 19.113 44.599 0 82.429-35.639 82.429-82.429s-35.639-82.429-82.429-82.429c-46.789 0-82.429 35.639-82.429 82.429 0 6.37 0.796 12.544 1.992 18.317l-105.724 59.332c-14.535-13.539-34.444-21.702-56.744-21.702-46.789 0-82.429 35.639-82.429 82.429s37.83 82.429 82.429 82.429c21.305 0 41.214-8.163 55.948-21.902l105.923 59.332c-0.995 5.177-1.394 10.552-1.394 16.127 0 46.789 37.83 82.429 82.429 82.429s82.429-35.639 82.429-82.429c0.199-46.59-35.441-82.429-82.429-82.429zM605.579 318.073c17.323 0 29.069 14.535 29.069 29.069s-11.548 29.069-29.069 29.069c-14.535 0-29.069-14.535-29.069-29.069 0.199-14.733 11.747-29.069 29.069-29.069zM391.542 485.32c0 14.535-11.548 29.069-29.069 29.069-14.535 0-29.069-11.548-29.069-29.069 0-14.535 11.548-29.069 29.069-29.069s32.056 11.548 29.069 29.069zM605.579 650.178c-14.535 0-29.069-11.548-29.069-29.069 0-14.535 11.548-29.069 29.069-29.069 17.323 0 29.069 14.535 29.069 29.069 0 14.733-11.548 29.069-29.069 29.069z"
				],
				"attrs": [],
				"isMulticolor": false,
				"tags": [
					"icon__share_video"
				],
				"grid": 24
			},
			"attrs": [],
			"properties": {
				"order": 28,
				"id": 10,
				"prevSize": 24,
				"code": 58910,
				"name": "share_video",
				"ligatures": ""
			},
			"setIdx": 2,
			"setId": 2,
			"iconIdx": 37
		},
		{
			"icon": {
				"paths": [
					"M917.384 129.418h-810.769c-22.803 0-40.539 17.735-40.539 40.539v729.693c0 22.803 17.735 40.539 40.539 40.539h810.769c22.803 0 40.539-17.735 40.539-40.539v-729.693c0-22.803-17.735-40.539-40.539-40.539zM917.384 169.956v562.471l-131.751-144.417c-7.602-7.602-17.735-12.669-30.404-12.669s-22.803 5.067-30.404 12.669l-106.413 119.082-319.239-359.779c-7.602-7.602-17.735-12.669-30.404-12.669s-22.803 5.067-30.404 12.669l-131.751 152.019v-329.375h810.769zM106.616 560.139l162.154-187.491 326.841 369.913 22.803 27.869 111.48 129.217h-623.279v-339.51zM785.634 899.649l-139.349-159.621 108.946-124.149 162.154 177.356v106.413h-131.751z",
					"M674.154 494.265c68.409 0 121.615-53.207 121.615-121.615s-53.207-121.615-121.615-121.615c-68.409 0-121.615 53.207-121.615 121.615s53.207 121.615 121.615 121.615zM674.154 291.571c45.605 0 81.076 35.471 81.076 81.076s-35.471 81.076-81.076 81.076c-45.605 0-81.076-35.471-81.076-81.076s35.471-81.076 81.076-81.076z"
				],
				"attrs": [],
				"isMulticolor": false,
				"tags": [
					"icon__thumbnail"
				],
				"grid": 24
			},
			"attrs": [],
			"properties": {
				"order": 20,
				"id": 9,
				"prevSize": 24,
				"code": 58889,
				"name": "thumbnail",
				"ligatures": ""
			},
			"setIdx": 2,
			"setId": 2,
			"iconIdx": 38
		},
		{
			"icon": {
				"paths": [
					"M899.498 575.081c0 213.273-174.224 387.498-387.498 387.498s-387.498-174.224-387.498-387.498c0-207.266 162.209-375.481 366.471-384.495v-66.087h-30.041c-18.023 0-30.041-15.021-30.041-30.041 0-18.023 15.021-30.041 30.041-30.041h93.119c18.023 0 30.041 15.021 30.041 30.041 0 18.023-15.021 30.041-30.041 30.041h-33.041v66.087c210.27 6.007 378.485 174.224 378.485 384.495v0zM493.977 307.736v-69.090c-96.122 6.007-180.233 51.067-240.309 120.155l51.067 51.067-21.027 21.027-48.063-48.063c-39.049 54.069-63.081 123.16-63.081 195.25 0 3.004 0 9.014 0 9.014h75.097v30.041h-72.094c9.014 63.081 33.041 123.16 69.090 171.219l39.049-39.049 21.027 21.027-39.049 39.049c57.073 60.076 138.178 102.129 228.294 108.139v-84.11h30.041v84.11c93.119-3.004 174.224-42.053 234.299-105.136l-45.058-45.058 21.027-21.027 42.053 42.053c39.049-48.063 63.081-108.139 72.094-171.219h-78.101v-30.041h81.105c0-3.004 0-3.004 0-9.014 0-75.097-24.031-144.186-66.087-201.259l-51.067 51.067-21.027-21.027 54.069-54.069c-60.076-69.090-147.189-111.143-243.314-114.147v72.094l-30.041-3.004zM527.021 584.094h108.139c9.014 0 15.021 6.007 15.021 15.021s-6.007 15.021-15.021 15.021h-123.16c-9.014 0-15.021-6.007-15.021-15.021v-213.273c0-9.014 6.007-15.021 15.021-15.021s15.021 6.007 15.021 15.021v198.255z"
				],
				"attrs": [],
				"isMulticolor": false,
				"tags": [
					"icon__time"
				],
				"grid": 24
			},
			"attrs": [],
			"properties": {
				"order": 23,
				"id": 8,
				"prevSize": 24,
				"code": 58890,
				"name": "time",
				"ligatures": ""
			},
			"setIdx": 2,
			"setId": 2,
			"iconIdx": 39
		},
		{
			"icon": {
				"paths": [
					"M660.113 973.335h-296.226c-58.274 0-106.835-48.561-106.835-106.835l-65.559-655.583h641.014l-65.559 655.583c0 58.274-48.561 106.835-106.835 106.835zM237.627 230.342l60.702 633.729c0 36.422 29.137 65.559 63.13 65.559h296.226c33.993 0 63.13-29.137 63.13-63.13l60.702-636.158h-543.891z",
					"M130.79 189.064h762.418c12.141 0 21.853 9.713 21.853 21.853s-9.713 21.853-21.853 21.853h-762.418c-12.141 0-21.853-9.713-21.853-21.853s9.713-21.853 21.853-21.853z",
					"M385.739 337.178c12.141 0 21.853 9.713 21.853 21.853l19.424 444.339c0 12.141-9.713 21.853-21.853 21.853s-21.853-9.713-21.853-21.853l-21.853-444.339c2.428-12.141 12.141-21.853 24.281-21.853z",
					"M512 337.178c12.141 0 21.853 9.713 21.853 21.853v444.339c0 12.141-9.713 21.853-21.853 21.853s-21.853-9.713-21.853-21.853v-444.339c0-12.141 9.713-21.853 21.853-21.853z",
					"M638.261 337.178c12.141 0 21.853 9.713 21.853 21.853l-21.853 444.339c0 12.141-9.713 21.853-21.853 21.853s-21.853-9.713-21.853-21.853l21.853-444.339c2.428-12.141 12.141-21.853 21.853-21.853z",
					"M725.672 230.342h-427.343v-84.983c0-58.274 48.561-106.835 106.835-106.835h211.244c58.274 0 106.835 48.561 106.835 106.835v84.983zM344.462 186.636h337.504v-41.278c0-33.993-26.708-63.13-63.13-63.13h-211.244c-33.993 0-63.13 26.708-63.13 63.13v41.278z"
				],
				"attrs": [],
				"isMulticolor": false,
				"tags": [
					"icon__trash"
				],
				"grid": 24
			},
			"attrs": [],
			"properties": {
				"order": 15,
				"id": 7,
				"prevSize": 24,
				"code": 58891,
				"name": "trash",
				"ligatures": ""
			},
			"setIdx": 2,
			"setId": 2,
			"iconIdx": 40
		},
		{
			"icon": {
				"paths": [
					"M869.461 328.763c0 9.014 0 15.021 0 24.031 0 243.314-186.241 525.678-525.678 525.678-105.136 0-201.259-30.041-282.363-84.11 15.021 3.004 30.041 3.004 45.058 3.004 87.115 0 165.211-30.041 228.294-78.101-81.105 0-150.193-54.069-171.219-129.166 12.017 3.004 24.031 3.004 36.046 3.004 18.023 0 33.041-3.004 48.063-6.007-84.11-18.023-147.189-93.119-147.189-180.233 0 0 0-3.004 0-3.004 24.031 15.021 54.069 21.027 84.11 24.031-51.067-33.041-81.105-90.115-81.105-153.197 0-33.041 9.014-66.087 24.031-93.119 90.115 111.143 228.294 186.241 381.49 192.248-3.004-15.021-6.007-27.035-6.007-42.053 0-102.129 84.11-186.241 186.241-186.241 54.069 0 102.129 21.027 135.175 57.073 42.053-9.014 81.105-24.031 117.151-45.058-15.021 42.053-42.053 78.101-81.105 102.129 36.046-3.004 72.094-15.021 105.136-30.041-27.035 39.049-60.076 72.094-96.122 99.126z"
				],
				"attrs": [],
				"isMulticolor": false,
				"tags": [
					"icon__twitter"
				],
				"grid": 24
			},
			"attrs": [],
			"properties": {
				"order": 9,
				"id": 6,
				"prevSize": 24,
				"code": 58886,
				"name": "social_twitter",
				"ligatures": ""
			},
			"setIdx": 2,
			"setId": 2,
			"iconIdx": 41
		},
		{
			"icon": {
				"paths": [
					"M778.034 955.39h-532.066c-40.539 0-73.477-32.937-73.477-73.477v-316.705c0-40.539 30.404-70.943 70.943-73.477v-157.087c0-146.952 119.082-266.034 266.034-266.034s266.034 119.082 266.034 266.034c0 30.404-25.337 55.741-55.741 55.741h-30.404c-30.404 0-55.741-25.337-55.741-55.741 0-65.875-55.741-121.615-121.615-121.615s-121.615 55.741-121.615 121.615v157.087h387.649c40.539 0 73.477 32.937 73.477 73.477v316.705c-2.534 40.539-35.471 73.477-73.477 73.477zM245.966 532.269c-17.735 0-32.937 15.201-32.937 32.937v316.705c0 17.735 15.201 32.937 32.937 32.937h529.534c17.735 0 32.937-15.201 32.937-32.937v-316.705c0-17.735-15.201-32.937-32.937-32.937h-423.119v-197.623c0-88.678 70.943-159.621 159.621-159.621s159.621 70.943 159.621 159.621c0 7.602 7.602 15.201 15.201 15.201h35.471c7.602 0 15.201-7.602 15.201-15.201 0-126.683-101.347-228.028-228.028-228.028s-228.028 101.347-228.028 228.028v195.090h-35.471z",
					"M595.61 866.712h-167.221c-5.067 0-12.669-2.534-15.201-7.602s-5.067-10.135-2.534-17.735l35.471-101.347c-17.735-17.735-30.404-43.073-30.404-68.409 0-53.207 43.073-93.745 93.745-93.745 53.207 0 93.745 43.073 93.745 93.745 0 25.337-10.135 48.139-27.869 65.875l35.471 103.88c2.534 5.067 0 12.669-2.534 17.735s-7.602 7.602-12.669 7.602zM456.259 828.705h114.015l-32.937-91.211c-2.534-7.602 0-15.201 7.602-20.269 15.201-10.135 22.803-27.869 22.803-45.605 0-30.404-25.337-55.741-55.741-55.741s-55.741 25.337-55.741 55.741c0 17.735 10.135 35.471 25.337 45.605 7.602 5.067 10.135 12.669 7.602 22.803l-32.937 88.678z"
				],
				"attrs": [],
				"isMulticolor": false,
				"tags": [
					"icon__unlock"
				],
				"grid": 24
			},
			"attrs": [],
			"properties": {
				"order": 39,
				"id": 5,
				"prevSize": 24,
				"code": 58911,
				"name": "unlock",
				"ligatures": ""
			},
			"setIdx": 2,
			"setId": 2,
			"iconIdx": 42
		},
		{
			"icon": {
				"paths": [
					"M920.525 578.164c-38.85-4.856-67.987-38.85-67.987-77.698s29.137-72.842 67.987-77.698c7.285 0 14.568-4.856 19.424-12.141s4.856-14.568 4.856-21.853c-9.713-41.278-26.708-82.554-48.561-118.976-4.856-7.285-9.713-12.141-19.424-12.141-7.285-2.428-14.568 0-21.853 4.856-29.137 24.281-75.27 21.853-101.979-7.285-26.708-26.708-31.565-72.842-7.285-101.979 4.856-7.285 7.285-14.568 4.856-21.853s-7.285-14.568-12.141-19.424c-36.422-21.853-77.698-38.85-118.976-48.561-7.285-2.428-14.568 0-21.853 4.856s-9.713 12.141-12.141 19.424c-4.856 38.85-38.85 67.987-77.698 67.987s-72.842-29.137-77.698-67.987c0-7.285-4.856-14.568-12.141-19.424s-14.568-4.856-21.853-4.856c-41.278 9.713-82.554 26.708-118.976 48.561-7.285 4.856-12.141 9.713-12.141 19.424-2.428 7.285 0 14.568 4.856 21.853 24.281 31.565 21.853 75.27-7.285 101.979-26.708 26.708-72.842 29.137-101.979 7.285-7.285-4.856-14.568-7.285-21.853-4.856s-14.568 7.285-19.424 12.141c-21.853 36.422-38.85 77.698-48.561 118.976-2.428 7.285 0 14.568 4.856 21.853s12.141 9.713 19.424 12.141c38.85 4.856 67.987 38.85 67.987 77.698s-29.137 72.842-67.987 77.698c-7.285 0-14.568 4.856-19.424 12.141s-4.856 14.568-4.856 21.853c9.713 41.278 26.708 82.554 48.561 118.976 4.856 7.285 9.713 12.141 19.424 12.141 7.285 2.428 14.568 0 21.853-4.856 29.137-24.281 75.27-19.424 101.979 7.285s29.137 72.842 7.285 101.979c-4.856 7.285-7.285 14.568-4.856 21.853s7.285 14.568 12.141 19.424c36.422 21.853 77.698 38.85 118.976 48.561 2.428 0 4.856 0 7.285 0 4.856 0 9.713-2.428 14.568-4.856 7.285-4.856 9.713-12.141 12.141-19.424 4.856-38.85 38.85-67.987 77.698-67.987s72.842 29.137 77.698 67.987c0 7.285 4.856 14.568 12.141 19.424s14.568 4.856 21.853 4.856c41.278-9.713 82.554-26.708 118.976-48.561 7.285-4.856 12.141-9.713 12.141-19.424 2.428-7.285 0-14.568-4.856-21.853-24.281-31.565-21.853-75.27 7.285-101.979 26.708-26.708 72.842-29.137 101.979-7.285 7.285 4.856 14.568 7.285 21.853 4.856s14.568-7.285 19.424-12.141c21.853-36.422 38.85-77.698 48.561-118.976 2.428-7.285 0-14.568-4.856-21.853s-9.713-9.713-19.424-12.141zM862.25 680.143c-48.561-21.853-109.264-12.141-148.113 26.708s-48.561 99.552-26.708 148.113c-16.996 9.713-36.422 16.996-53.418 21.853-19.424-50.99-67.987-84.983-123.833-84.983s-104.407 33.993-123.833 84.983c-19.424-7.285-36.422-14.568-53.418-21.853 21.853-48.561 12.141-109.264-26.708-148.113-24.281-24.281-58.274-38.85-94.696-38.85-19.424 0-36.422 4.856-53.418 12.141-9.713-16.996-16.996-36.422-21.853-53.418 50.99-19.424 84.983-67.987 84.983-123.833s-33.993-104.407-84.983-123.833c7.285-19.424 14.568-36.422 21.853-53.418 16.996 7.285 36.422 12.141 53.418 12.141 36.422 0 67.987-14.568 94.696-38.85 38.85-38.85 48.561-99.552 26.708-148.113 16.996-9.713 36.422-16.996 53.418-21.853 19.424 50.99 67.987 84.983 123.833 84.983 53.418-2.428 101.979-38.85 121.405-87.411 19.424 7.285 36.422 14.568 53.418 21.853-21.853 48.561-12.141 109.264 26.708 148.113 24.281 24.281 58.274 38.85 94.696 38.85 19.424 0 36.422-4.856 53.418-12.141 9.713 16.996 16.996 36.422 21.853 53.418-50.99 19.424-84.983 67.987-84.983 123.833s33.993 104.407 84.983 123.833c-4.856 19.424-12.141 36.422-19.424 55.846zM507.749 335.355c-92.267 0-165.11 75.27-165.11 165.11 0 92.267 75.27 165.11 165.11 165.11s165.11-75.27 165.11-165.11c2.428-89.839-72.842-165.11-165.11-165.11zM507.749 629.153c-70.415 0-128.688-58.274-128.688-128.688s58.274-128.688 128.688-128.688c70.415 0 128.688 58.274 128.688 128.688s-58.274 128.688-128.688 128.688z"
				],
				"attrs": [],
				"isMulticolor": false,
				"tags": [
					"icon__video_info"
				],
				"grid": 24
			},
			"attrs": [],
			"properties": {
				"order": 19,
				"id": 4,
				"prevSize": 24,
				"code": 58912,
				"name": "video_info",
				"ligatures": ""
			},
			"setIdx": 2,
			"setId": 2,
			"iconIdx": 43
		},
		{
			"icon": {
				"paths": [
					"M94.462 124.502c-21.027-9.014-42.053 18.023-27.035 42.053l192.248 315.407 333.43-138.178-498.64-219.283z",
					"M929.538 298.727l-609.787 252.325 198.255 324.416c21.027 33.041 66.087 36.046 87.115 3.004l246.318-378.485 105.136-162.209c15.021-21.027-3.004-48.063-27.035-39.049z"
				],
				"attrs": [],
				"isMulticolor": false,
				"tags": [
					"icon__videopath"
				],
				"grid": 24
			},
			"attrs": [],
			"properties": {
				"order": 43,
				"id": 3,
				"prevSize": 24,
				"code": 58913,
				"name": "videopath",
				"ligatures": ""
			},
			"setIdx": 2,
			"setId": 2,
			"iconIdx": 44
		},
		{
			"icon": {
				"paths": [
					"M456.154 300.756c0-31.565-19.424-41.278-43.705-21.853l-145.685 106.835c-24.281 19.424-43.705 29.137-43.705 24.281s-24.281-7.285-55.846-7.285h-46.133c-31.565 0-55.846 24.281-55.846 55.846v123.833c0 31.565 24.281 55.846 55.846 55.846h43.705c31.565 0 55.846-2.428 55.846-2.428s19.424 12.141 43.705 29.137l145.685 106.835c24.281 19.424 43.705 7.285 43.705-21.853l2.428-449.195z",
					"M567.846 512c0 19.424-9.713 36.422-24.281 46.133l41.278 38.85c24.281-19.424 41.278-50.99 41.278-84.983s-16.996-65.559-41.278-84.983l-41.278 38.85c14.568 9.713 24.281 26.708 24.281 46.133z",
					"M735.384 512c0 65.559-29.137 121.405-72.842 162.681l38.85 38.85c53.418-50.99 87.411-121.405 87.411-201.531s-33.993-150.542-87.411-201.531l-38.85 38.85c43.705 41.278 72.842 97.124 72.842 162.681z",
					"M902.921 512c0 109.264-46.133 208.816-118.976 279.23l38.85 38.85c82.554-80.126 135.971-194.246 135.971-320.507s-50.99-237.953-135.971-320.507l-38.85 38.85c72.842 75.27 118.976 174.822 118.976 284.086z"
				],
				"attrs": [],
				"isMulticolor": false,
				"tags": [
					"icon__volume"
				],
				"grid": 24
			},
			"attrs": [],
			"properties": {
				"order": 36,
				"id": 1,
				"prevSize": 24,
				"code": 58914,
				"name": "sound_volume",
				"ligatures": ""
			},
			"setIdx": 2,
			"setId": 2,
			"iconIdx": 45
		},
		{
			"icon": {
				"paths": [
					"M46.906 370.358c14.798 0 29.597 0 44.395 0 8.456 35.939 19.027 71.878 27.483 107.817 10.57-35.939 19.027-71.878 29.597-107.817h44.395c-16.913 54.966-33.825 109.931-50.738 164.897-2.114 4.228 0 8.456 0 12.684 0 33.825 0 69.764 0 103.589h-42.281c0-38.053 0-73.992 0-112.045-16.913-57.080-35.939-114.159-52.852-169.125z",
					"M459.148 372.472c44.395 0 86.677 0 131.072 0v40.167h-46.509v238.889h-42.281c0-80.334 0-158.555 0-238.889h-44.395v-40.167h2.114z",
					"M325.962 440.122h38.053c0 57.080 0 112.045 0 169.125 0 4.228 2.114 10.57 8.456 10.57 10.57-2.114 16.913-10.57 23.255-19.027 0-52.852 0-105.703 0-158.555h40.167v209.292h-40.167c0-6.342 0-14.798 0-21.141-8.456 8.456-19.027 19.027-31.711 23.255-10.57 2.114-23.255 2.114-29.597-6.342s-8.456-19.027-8.456-29.597c0-61.308 0-118.388 0-177.581z",
					"M583.878 442.236h40.167c0 54.966 0 109.931 0 167.011 0 4.228 2.114 10.57 8.456 10.57 10.57-2.114 16.913-10.57 23.255-19.027 0-52.852 0-105.703 0-156.441h40.167v207.178h-40.167c0-6.342 0-14.798 0-21.141-8.456 8.456-16.913 16.913-27.483 21.141s-25.369 4.228-33.825-4.228c-6.342-8.456-8.456-19.027-8.456-29.597-2.114-59.194-2.114-118.388-2.114-175.467z",
					"M835.452 478.175c-2.114-10.57-4.228-23.255-12.684-31.711s-23.255-10.57-33.825-4.228c-10.57 4.228-19.027 12.684-25.369 21.141 0-29.597 0-61.308 0-88.791h-38.053v276.942h38.053c0-6.342 0-12.684 0-19.027 6.342 4.228 10.57 10.57 16.913 14.798 8.456 6.342 21.141 10.57 33.825 6.342 10.57-2.114 19.027-12.684 21.141-23.255 2.114-12.684 4.228-23.255 4.228-35.939 0 0 0-57.080 0-76.106 0-10.57-2.114-25.369-4.228-40.167zM797.399 545.825c0 19.027 0 35.939 0 54.966 0 6.342-2.114 14.798-10.57 16.913s-16.913-4.228-23.255-8.456c0-42.281 0-82.449 0-124.73 6.342-6.342 14.798-10.57 25.369-8.456 6.342 2.114 8.456 8.456 10.57 14.798 0 19.027-2.114 35.939-2.114 54.966z",
					"M968.638 465.491c-16.913-31.711-65.536-35.939-88.791-10.57-12.684 12.684-16.913 29.597-16.913 46.509 0 29.597 0 59.194 0 86.677 0 16.913 6.342 35.939 19.027 48.623 14.798 14.798 38.053 16.913 57.080 12.684s35.939-23.255 38.053-44.395c2.114-10.57 0-19.027 0-29.597h-40.167c0 10.57 0 19.027-2.114 29.597s-16.913 14.798-25.369 8.456c-6.342-6.342-6.342-14.798-8.456-23.255 0-12.684 0-25.369 0-40.167 25.369 0 50.738 0 76.106 0-2.114-25.369 4.228-57.080-8.456-84.563zM936.927 522.57h-35.939c0-12.684 0-23.255 2.114-35.939 2.114-14.798 29.597-14.798 31.711 0 2.114 10.57 2.114 23.255 2.114 35.939z",
					"M251.97 613.475c-6.342 6.342-16.913 6.342-23.255 0-4.228-4.228-4.228-10.57-4.228-16.913 0-33.825 0-67.65 0-101.475 0-6.342 2.114-12.684 8.456-16.913s14.798-4.228 21.141 2.114c4.228 4.228 6.342 10.57 6.342 16.913 0 0 4.228 73.992 0 99.361 0 4.228-4.228 12.684-8.456 16.913zM277.339 450.692c-14.798-12.684-33.825-14.798-52.852-10.57-10.57 2.114-19.027 8.456-25.369 14.798-10.57 12.684-14.798 29.597-14.798 44.395 0 29.597 0 59.194 0 86.677 0 16.913 4.228 35.939 16.913 50.738 21.141 21.141 57.080 21.141 78.22 2.114 12.684-12.684 16.913-29.597 16.913-46.509 0-29.597 0-61.308 0-90.905-2.114-19.027-6.342-38.053-19.027-50.738z"
				],
				"attrs": [],
				"isMulticolor": false,
				"tags": [
					"icon__youtube"
				],
				"grid": 24
			},
			"attrs": [],
			"properties": {
				"order": 44,
				"id": 0,
				"prevSize": 24,
				"code": 58915,
				"name": "social_youtube",
				"ligatures": ""
			},
			"setIdx": 2,
			"setId": 2,
			"iconIdx": 46
		},
		{
			"icon": {
				"paths": [
					"M512 42.667q95.667 0 182.5 37.167t149.667 100 100 149.667 37.167 182.5-37.167 182.5-100 149.667-149.667 100-182.5 37.167-182.5-37.167-149.667-100-100-149.667-37.167-182.5 37.167-182.5 100-149.667 149.667-100 182.5-37.167zM512 128q-78 0-149.167 30.5t-122.5 81.833-81.833 122.5-30.5 149.167 30.5 149.167 81.833 122.5 122.5 81.833 149.167 30.5 149.167-30.5 122.5-81.833 81.833-122.5 30.5-149.167-30.5-149.167-81.833-122.5-122.5-81.833-149.167-30.5zM512 298.667q17.667 0 30.167 12.5t12.5 30.167v128h128q17.667 0 30.167 12.5t12.5 30.167-12.5 30.167-30.167 12.5h-128v128q0 17.667-12.5 30.167t-30.167 12.5-30.167-12.5-12.5-30.167v-128h-128q-17.667 0-30.167-12.5t-12.5-30.167 12.5-30.167 30.167-12.5h128v-128q0-17.667 12.5-30.167t30.167-12.5z"
				],
				"attrs": [],
				"isMulticolor": false,
				"tags": [
					"circle-plus"
				],
				"defaultCode": 57408,
				"grid": 24
			},
			"attrs": [],
			"properties": {
				"id": 40,
				"order": 1,
				"prevSize": 24,
				"code": 57408,
				"name": "circle_plus",
				"ligatures": ""
			},
			"setIdx": 2,
			"setId": 2,
			"iconIdx": 47
		},
		{
			"icon": {
				"paths": [
					"M512 42.667q95.667 0 182.5 37.167t149.667 100 100 149.667 37.167 182.5-37.167 182.5-100 149.667-149.667 100-182.5 37.167-182.5-37.167-149.667-100-100-149.667-37.167-182.5 37.167-182.5 100-149.667 149.667-100 182.5-37.167zM512 128q-78 0-149.167 30.5t-122.5 81.833-81.833 122.5-30.5 149.167 30.5 149.167 81.833 122.5 122.5 81.833 149.167 30.5 149.167-30.5 122.5-81.833 81.833-122.5 30.5-149.167-30.5-149.167-81.833-122.5-122.5-81.833-149.167-30.5zM632.667 348.333q17.667 0 30.333 12.5t12.667 30.167-12.667 30.333l-90.667 90.667 90.667 90.333q12.667 12.667 12.667 30 0 17.667-12.667 30.167t-30.333 12.5-30-12.333l-90.667-90.333-90.333 90.333q-12.333 12.333-30.333 12.333-17.667 0-30.167-12.333t-12.5-30q0-18 12.333-30.333l90.667-90.333-90.667-90.667q-12.333-12.333-12.333-30t12.5-30.333 30.167-12.667 30.333 12.667l90.333 90.667 90.667-90.667q12.667-12.667 30-12.667z"
				],
				"attrs": [],
				"isMulticolor": false,
				"tags": [
					"circle-cross"
				],
				"defaultCode": 57411,
				"grid": 24
			},
			"attrs": [],
			"properties": {
				"id": 43,
				"order": 4,
				"prevSize": 24,
				"code": 57411,
				"name": "circle_cross",
				"ligatures": ""
			},
			"setIdx": 2,
			"setId": 2,
			"iconIdx": 48
		},
		{
			"icon": {
				"paths": [
					"M817.044 512.701l-699.025-313.676c-3.68-1.753-6.133-5.433-6.133-9.463v-88.671c0-7.535 7.886-12.617 14.895-9.463l821.867 367.649c3.68 1.753 6.133 5.433 6.133 9.463v88.32c0 4.031-2.453 7.711-6.133 9.463l-821.867 366.247c-7.009 3.154-14.895-1.927-14.895-9.463v-87.093c0-4.031 2.453-7.711 6.133-9.463l699.025-313.851z"
				],
				"attrs": [],
				"isMulticolor": false,
				"tags": [
					"play"
				],
				"defaultCode": 57426,
				"grid": 24
			},
			"attrs": [],
			"properties": {
				"id": 52,
				"order": 29,
				"prevSize": 24,
				"code": 57426,
				"name": "expand",
				"ligatures": ""
			},
			"setIdx": 2,
			"setId": 2,
			"iconIdx": 49
		},
		{
			"icon": {
				"paths": [
					"M0 128v768h1024v-768h-1024zM192 832h-128v-128h128v128zM192 576h-128v-128h128v128zM192 320h-128v-128h128v128zM768 832h-512v-640h512v640zM960 832h-128v-128h128v128zM960 576h-128v-128h128v128zM960 320h-128v-128h128v128zM384 320v384l256-192z"
				],
				"attrs": [],
				"tags": [
					"film",
					"video",
					"movie",
					"tape",
					"play"
				],
				"grid": 16
			},
			"attrs": [],
			"properties": {
				"id": 128,
				"order": 52,
				"prevSize": 32,
				"ligatures": "film, video2",
				"name": "film",
				"code": 59392
			},
			"setIdx": 3,
			"setId": 0,
			"iconIdx": 19
		},
		{
			"icon": {
				"paths": [
					"M224 128h-192c-17.6 0-32 14.4-32 32v704c0 17.6 14.4 32 32 32h192c17.6 0 32-14.4 32-32v-704c0-17.6-14.4-32-32-32zM192 320h-128v-64h128v64z",
					"M544 128h-192c-17.6 0-32 14.4-32 32v704c0 17.6 14.4 32 32 32h192c17.6 0 32-14.4 32-32v-704c0-17.6-14.4-32-32-32zM512 320h-128v-64h128v64z",
					"M765.088 177.48l-171.464 86.394c-15.716 7.918-22.096 27.258-14.178 42.976l287.978 571.548c7.918 15.718 27.258 22.098 42.976 14.178l171.464-86.392c15.716-7.92 22.096-27.26 14.178-42.974l-287.978-571.55c-7.92-15.718-27.26-22.1-42.976-14.18z",
					"M928 864c0 17.673-14.327 32-32 32s-32-14.327-32-32c0-17.673 14.327-32 32-32s32 14.327 32 32z"
				],
				"width": 1152,
				"attrs": [],
				"tags": [
					"books",
					"library",
					"archive"
				],
				"grid": 16
			},
			"attrs": [],
			"properties": {
				"id": 172,
				"order": 58,
				"prevSize": 32,
				"ligatures": "books, library",
				"name": "books",
				"code": 59650
			},
			"setIdx": 3,
			"setId": 0,
			"iconIdx": 32
		},
		{
			"icon": {
				"paths": [
					"M640 256v-256h-448l-192 192v576h384v256h640v-768h-384zM192 90.51v101.49h-101.49l101.49-101.49zM64 704v-448h192v-192h320v192l-192 192v256h-320zM576 346.51v101.49h-101.49l101.49-101.49zM960 960h-512v-448h192v-192h320v640z"
				],
				"attrs": [],
				"tags": [
					"copy",
					"duplicate",
					"files",
					"pages",
					"papers",
					"documents"
				],
				"grid": 16
			},
			"attrs": [],
			"properties": {
				"id": 208,
				"order": 53,
				"prevSize": 32,
				"ligatures": "copy, duplicate",
				"name": "copy",
				"code": 59393
			},
			"setIdx": 3,
			"setId": 0,
			"iconIdx": 44
		},
		{
			"icon": {
				"paths": [
					"M768 770.612v-52.78c70.498-39.728 128-138.772 128-237.832 0-159.058 0-288-192-288s-192 128.942-192 288c0 99.060 57.502 198.104 128 237.832v52.78c-217.102 17.748-384 124.42-384 253.388h896c0-128.968-166.898-235.64-384-253.388z",
					"M327.196 795.328c55.31-36.15 124.080-63.636 199.788-80.414-15.054-17.784-28.708-37.622-40.492-59.020-30.414-55.234-46.492-116.058-46.492-175.894 0-86.042 0-167.31 30.6-233.762 29.706-64.504 83.128-104.496 159.222-119.488-16.914-76.48-61.94-126.75-181.822-126.75-192 0-192 128.942-192 288 0 99.060 57.502 198.104 128 237.832v52.78c-217.102 17.748-384 124.42-384 253.388h279.006c14.518-12.91 30.596-25.172 48.19-36.672z"
				],
				"width": 1152,
				"attrs": [],
				"tags": [
					"users",
					"group",
					"team",
					"members",
					"community",
					"collaborate"
				],
				"grid": 16
			},
			"attrs": [],
			"properties": {
				"id": 476,
				"order": 57,
				"prevSize": 32,
				"ligatures": "users, group",
				"name": "users",
				"code": 59648
			},
			"setIdx": 3,
			"setId": 0,
			"iconIdx": 114
		},
		{
			"icon": {
				"paths": [
					"M992.262 871.396l-242.552-206.294c-25.074-22.566-51.89-32.926-73.552-31.926 57.256-67.068 91.842-154.078 91.842-249.176 0-212.078-171.922-384-384-384-212.076 0-384 171.922-384 384s171.922 384 384 384c95.098 0 182.108-34.586 249.176-91.844-1 21.662 9.36 48.478 31.926 73.552l206.294 242.552c35.322 39.246 93.022 42.554 128.22 7.356s31.892-92.898-7.354-128.22zM384 640c-141.384 0-256-114.616-256-256s114.616-256 256-256 256 114.616 256 256-114.614 256-256 256z"
				],
				"attrs": [],
				"tags": [
					"search",
					"magnifier",
					"magnifying-glass",
					"inspect",
					"find"
				],
				"grid": 16
			},
			"attrs": [],
			"properties": {
				"id": 532,
				"order": 51,
				"prevSize": 32,
				"ligatures": "search, magnifier",
				"name": "search",
				"code": 59394
			},
			"setIdx": 3,
			"setId": 0,
			"iconIdx": 134
		},
		{
			"icon": {
				"paths": [
					"M592 448h-16v-192c0-105.87-86.13-192-192-192h-128c-105.87 0-192 86.13-192 192v192h-16c-26.4 0-48 21.6-48 48v480c0 26.4 21.6 48 48 48h544c26.4 0 48-21.6 48-48v-480c0-26.4-21.6-48-48-48zM192 256c0-35.29 28.71-64 64-64h128c35.29 0 64 28.71 64 64v192h-256v-192z"
				],
				"attrs": [],
				"tags": [
					"lock",
					"secure",
					"private",
					"encrypted"
				],
				"grid": 16
			},
			"attrs": [],
			"properties": {
				"id": 557,
				"order": 54,
				"prevSize": 32,
				"ligatures": "lock, secure",
				"name": "lock2",
				"code": 59395
			},
			"setIdx": 3,
			"setId": 0,
			"iconIdx": 143
		},
		{
			"icon": {
				"paths": [
					"M128 320v640c0 35.2 28.8 64 64 64h576c35.2 0 64-28.8 64-64v-640h-704zM320 896h-64v-448h64v448zM448 896h-64v-448h64v448zM576 896h-64v-448h64v448zM704 896h-64v-448h64v448z",
					"M848 128h-208v-80c0-26.4-21.6-48-48-48h-224c-26.4 0-48 21.6-48 48v80h-208c-26.4 0-48 21.6-48 48v80h832v-80c0-26.4-21.6-48-48-48zM576 128h-192v-63.198h192v63.198z"
				],
				"attrs": [],
				"tags": [
					"bin",
					"trashcan",
					"remove",
					"delete",
					"recycle",
					"dispose"
				],
				"grid": 16
			},
			"attrs": [],
			"properties": {
				"id": 684,
				"order": 55,
				"prevSize": 32,
				"ligatures": "bin, trashcan",
				"name": "bin",
				"code": 59396
			},
			"setIdx": 3,
			"setId": 0,
			"iconIdx": 172
		},
		{
			"icon": {
				"paths": [
					"M768 640v-128h-320v-128h320v-128l192 192zM704 576v256h-320v192l-384-192v-832h704v320h-64v-256h-512l256 128v576h256v-192z"
				],
				"attrs": [],
				"tags": [
					"exit",
					"signout",
					"logout",
					"quit",
					"close"
				],
				"grid": 16
			},
			"attrs": [],
			"properties": {
				"order": 56,
				"id": 1568,
				"prevSize": 32,
				"ligatures": "exit, signout",
				"name": "exit",
				"code": 59649
			},
			"setIdx": 3,
			"setId": 0,
			"iconIdx": 276
		}
	],
	"height": 1024,
	"metadata": {
		"name": "icomoon"
	},
	"preferences": {
		"showGlyphs": true,
		"showQuickUse": true,
		"showQuickUse2": true,
		"showSVGs": true,
		"fontPref": {
			"prefix": "icon-",
			"metadata": {
				"fontFamily": "icomoon"
			},
			"metrics": {
				"emSize": 1024,
				"baseline": 6.25,
				"whitespace": 50
			},
			"embed": false
		},
		"imagePref": {
			"prefix": "icon-",
			"png": true,
			"useClassSelector": true,
			"color": 4473924,
			"bgColor": 16777215
		},
		"historySize": 100,
		"gridSize": 16,
		"showCodes": true
	}
}